Item Name,Count,Last Updated,Worlds
Heavens' Eye Materia XI,18,2025-04-07 11:45 AM,"Brynhildr, Balmung, Diabolos, Goblin, Mateus, Zalera, Adamantoise, Lamia, Leviathan, Behemoth, Jenova, Exodus, Midgardsormr, Cactuar, Famfrit, Excalibur, Sargatanas, Gilgamesh"
Heavens' Eye Materia XII,17,2025-04-07 11:45 AM,"Brynhildr, Balmung, Coeurl, Diabolos, Mateus, Zalera, Adamantoise, Lamia, Behemoth, Jenova, Midgardsormr, Faerie, Cactuar, Siren, Famfrit, Excalibur, Sargatanas"
Timeworn Br'aaxskin Map,16,2025-04-07 11:45 AM,"Balmung, Coeurl, Diabolos, Mateus, Zalera, Adamantoise, Leviathan, Jenova, Midgardsormr, Faerie, Cactuar, Siren, Famfrit, Lamia, Sargatanas, Gilgamesh"
Ceremonial Bangle of Aiming,15,2025-04-07 11:45 AM,"Brynhildr, Balmung, Coeurl, Diabolos, Goblin, Malboro, Mateus, Zalera, Lamia, Jenova, Exodus, Midgardsormr, Ultros, Excalibur, Gilgamesh"
Savage Aim Materia XI,15,2025-04-07 11:45 AM,"Balmung, Coeurl, Diabolos, Goblin, Mateus, Zalera, Adamantoise, Hyperion, Behemoth, Exodus, Midgardsormr, Faerie, Cactuar, Famfrit, Lamia"
Ceremonial Hood of Healing,14,2025-04-07 11:45 AM,"Brynhildr, Balmung, Coeurl, Diabolos, Adamantoise, Behemoth, Jenova, Exodus, Midgardsormr, Faerie, Siren, Ultros, Famfrit, Lamia"
Ceremonial Necklace of Aiming,14,2025-04-07 11:44 AM,"Brynhildr, Balmung, Diabolos, Goblin, Mateus, Zalera, Lamia, Behemoth, Jenova, Exodus, Midgardsormr, Ultros, Excalibur, Gilgamesh"
Dichromatic Compound,14,2025-04-07 11:45 AM,"Brynhildr, Coeurl, Goblin, Malboro, Lamia, Leviathan, Behemoth, Midgardsormr, Faerie, Siren, Famfrit, Excalibur, Sargatanas, Gilgamesh"
Black Star,13,2025-04-07 11:45 AM,"Balmung, Diabolos, Goblin, Malboro, Lamia, Hyperion, Leviathan, Faerie, Cactuar, Famfrit, Excalibur, Sargatanas, Gilgamesh"
Craftsman's Competence Materia XI,13,2025-04-07 11:45 AM,"Coeurl, Diabolos, Zalera, Adamantoise, Leviathan, Behemoth, Jenova, Faerie, Cactuar, Ultros, Famfrit, Excalibur, Sargatanas"
Ceremonial Bangle of Casting,12,2025-04-07 11:44 AM,"Brynhildr, Balmung, Coeurl, Diabolos, Adamantoise, Behemoth, Jenova, Exodus, Siren, Ultros, Lamia, Gilgamesh"
Grade 3 Gemdraught of Dexterity,12,2025-04-07 11:45 AM,"Brynhildr, Goblin, Zalera, Adamantoise, Lamia, Leviathan, Exodus, Midgardsormr, Faerie, Cactuar, Excalibur, Sargatanas"
Grade 3 Gemdraught of Strength,12,2025-04-07 11:44 AM,"Zalera, Adamantoise, Lamia, Hyperion, Leviathan, Jenova, Midgardsormr, Cactuar, Siren, Ultros, Excalibur, Sargatanas"
Savage Might Materia XII,12,2025-04-07 11:45 AM,"Balmung, Coeurl, Diabolos, Mateus, Zalera, Adamantoise, Lamia, Exodus, Cactuar, Famfrit, Excalibur, Sargatanas"
Ceremonial Greaves of Fending,11,2025-04-07 11:45 AM,"Coeurl, Mateus, Adamantoise, Behemoth, Jenova, Exodus, Siren, Ultros, Famfrit, Excalibur, Sargatanas"
Ceremonial Hose of Fending,11,2025-04-07 11:45 AM,"Brynhildr, Coeurl, Diabolos, Zalera, Adamantoise, Behemoth, Exodus, Siren, Ultros, Excalibur, Sargatanas"
Ceremonial Ring of Aiming,11,2025-04-07 11:44 AM,"Balmung, Coeurl, Diabolos, Malboro, Leviathan, Behemoth, Jenova, Midgardsormr, Siren, Sargatanas, Gilgamesh"
Ceremonial Tunic of Casting,11,2025-04-07 11:44 AM,"Brynhildr, Coeurl, Diabolos, Malboro, Adamantoise, Leviathan, Behemoth, Jenova, Exodus, Ultros, Sargatanas"
Ceremonial Tunic of Healing,11,2025-04-07 11:45 AM,"Brynhildr, Coeurl, Malboro, Mateus, Adamantoise, Behemoth, Jenova, Exodus, Midgardsormr, Lamia, Sargatanas"
Savage Aim Materia XII,11,2025-04-07 11:45 AM,"Brynhildr, Balmung, Coeurl, Diabolos, Mateus, Zalera, Adamantoise, Cactuar, Ultros, Famfrit, Lamia"
Savage Might Materia XI,11,2025-04-07 11:45 AM,"Balmung, Diabolos, Mateus, Zalera, Adamantoise, Lamia, Jenova, Cactuar, Famfrit, Excalibur, Gilgamesh"
Battledance Materia XI,10,2025-04-07 11:44 AM,"Brynhildr, Diabolos, Goblin, Mateus, Zalera, Adamantoise, Faerie, Siren, Cactuar, Famfrit"
Ceremonial Crakows of Scouting,10,2025-04-07 11:43 AM,"Brynhildr, Balmung, Coeurl, Leviathan, Behemoth, Midgardsormr, Siren, Famfrit, Lamia, Gilgamesh"
Ceremonial Earring of Casting,10,2025-04-07 11:43 AM,"Brynhildr, Diabolos, Malboro, Adamantoise, Behemoth, Jenova, Siren, Ultros, Sargatanas, Gilgamesh"
Ceremonial Gloves of Casting,10,2025-04-07 11:44 AM,"Brynhildr, Diabolos, Adamantoise, Leviathan, Behemoth, Exodus, Siren, Ultros, Lamia, Gilgamesh"
Ceremonial Longcap of Striking,10,2025-04-07 11:42 AM,"Brynhildr, Balmung, Coeurl, Diabolos, Zalera, Exodus, Midgardsormr, Siren, Ultros, Gilgamesh"
Ceremonial Necklace of Slaying,10,2025-04-07 11:43 AM,"Balmung, Diabolos, Zalera, Behemoth, Jenova, Exodus, Midgardsormr, Siren, Ultros, Gilgamesh"
Ceremonial Vest of Scouting,10,2025-04-07 11:45 AM,"Brynhildr, Balmung, Coeurl, Lamia, Leviathan, Behemoth, Midgardsormr, Famfrit, Excalibur, Gilgamesh"
Craftsman's Command Materia XI,10,2025-04-07 11:44 AM,"Diabolos, Goblin, Adamantoise, Leviathan, Jenova, Exodus, Faerie, Cactuar, Ultros, Excalibur"
Fire Crystal,10,2025-04-07 11:44 AM,"Balmung, Diabolos, Zalera, Jenova, Faerie, Cactuar, Siren, Lamia, Sargatanas, Gilgamesh"
Mate Cookie,10,2025-04-07 11:44 AM,"Brynhildr, Leviathan, Jenova, Midgardsormr, Faerie, Cactuar, Ultros, Excalibur, Sargatanas, Gilgamesh"
Quicktongue Materia XI,10,2025-04-07 11:44 AM,"Coeurl, Diabolos, Zalera, Adamantoise, Behemoth, Midgardsormr, Cactuar, Siren, Sargatanas, Gilgamesh"
Ra'Kaznar Ingot,10,2025-04-07 11:44 AM,"Balmung, Diabolos, Malboro, Leviathan, Behemoth, Cactuar, Famfrit, Excalibur, Sargatanas, Gilgamesh"
Rroneek Steak,10,2025-04-07 11:44 AM,"Balmung, Malboro, Mateus, Leviathan, Midgardsormr, Siren, Cactuar, Ultros, Lamia, Gilgamesh"
Sanctified Water,10,2025-04-07 11:44 AM,"Brynhildr, Goblin, Malboro, Adamantoise, Hyperion, Leviathan, Faerie, Siren, Lamia, Gilgamesh"
Ceremonial Armguards of Scouting,9,2025-04-07 11:43 AM,"Brynhildr, Balmung, Coeurl, Malboro, Lamia, Behemoth, Midgardsormr, Excalibur, Gilgamesh"
Ceremonial Armguards of Striking,9,2025-04-07 11:42 AM,"Brynhildr, Balmung, Coeurl, Diabolos, Zalera, Midgardsormr, Ultros, Famfrit, Gilgamesh"
Ceremonial Bangle of Fending,9,2025-04-07 11:43 AM,"Balmung, Coeurl, Adamantoise, Behemoth, Jenova, Exodus, Ultros, Excalibur, Gilgamesh"
Ceremonial Bangle of Slaying,9,2025-04-07 11:44 AM,"Balmung, Diabolos, Zalera, Jenova, Exodus, Midgardsormr, Ultros, Lamia, Gilgamesh"
Ceremonial Corselet of Fending,9,2025-04-07 11:45 AM,"Brynhildr, Coeurl, Adamantoise, Behemoth, Exodus, Siren, Ultros, Famfrit, Sargatanas"
Ceremonial Earring of Aiming,9,2025-04-07 11:45 AM,"Brynhildr, Balmung, Coeurl, Behemoth, Jenova, Midgardsormr, Ultros, Lamia, Gilgamesh"
Ceremonial Earring of Fending,9,2025-04-07 11:45 AM,"Brynhildr, Balmung, Coeurl, Adamantoise, Behemoth, Jenova, Ultros, Excalibur, Gilgamesh"
Ceremonial Grimoire,9,2025-04-07 11:43 AM,"Brynhildr, Coeurl, Zalera, Lamia, Hyperion, Behemoth, Midgardsormr, Ultros, Excalibur"
Ceremonial Hose of Casting,9,2025-04-07 11:44 AM,"Coeurl, Diabolos, Adamantoise, Leviathan, Behemoth, Jenova, Exodus, Lamia, Sargatanas"
Ceremonial Hose of Maiming,9,2025-04-07 11:45 AM,"Brynhildr, Balmung, Coeurl, Malboro, Mateus, Behemoth, Midgardsormr, Ultros, Gilgamesh"
Ceremonial Longcap of Scouting,9,2025-04-07 11:44 AM,"Brynhildr, Balmung, Coeurl, Malboro, Behemoth, Midgardsormr, Ultros, Lamia, Gilgamesh"
Ceremonial Longpole,9,2025-04-07 11:43 AM,"Brynhildr, Coeurl, Goblin, Lamia, Behemoth, Midgardsormr, Siren, Excalibur, Sargatanas"
Ceremonial Necklace of Casting,9,2025-04-07 11:43 AM,"Brynhildr, Balmung, Diabolos, Adamantoise, Behemoth, Jenova, Siren, Ultros, Lamia"
Ceremonial Necklace of Healing,9,2025-04-07 11:41 AM,"Balmung, Coeurl, Malboro, Adamantoise, Behemoth, Exodus, Midgardsormr, Ultros, Lamia"
Ceremonial Ring of Fending,9,2025-04-07 11:43 AM,"Balmung, Coeurl, Malboro, Adamantoise, Behemoth, Jenova, Exodus, Ultros, Excalibur"
Ceremonial Saberfangs,9,2025-04-07 11:43 AM,"Brynhildr, Balmung, Coeurl, Malboro, Behemoth, Midgardsormr, Siren, Ultros, Lamia"
Ceremonial Thighboots of Healing,9,2025-04-07 11:45 AM,"Brynhildr, Coeurl, Adamantoise, Behemoth, Jenova, Midgardsormr, Ultros, Excalibur, Gilgamesh"
Ceremonial Vambraces of Fending,9,2025-04-07 11:45 AM,"Brynhildr, Adamantoise, Lamia, Behemoth, Exodus, Ultros, Excalibur, Sargatanas, Gilgamesh"
Ceremonial Vambraces of Maiming,9,2025-04-07 11:42 AM,"Brynhildr, Balmung, Coeurl, Exodus, Midgardsormr, Faerie, Ultros, Famfrit, Gilgamesh"
Claro Walnut Lumber,9,2025-04-07 11:44 AM,"Brynhildr, Diabolos, Malboro, Mateus, Behemoth, Faerie, Cactuar, Famfrit, Gilgamesh"
Craftsman's Command Materia XII,9,2025-04-07 11:44 AM,"Malboro, Lamia, Jenova, Exodus, Cactuar, Ultros, Famfrit, Excalibur, Gilgamesh"
Cronopio Skin,9,2025-04-07 11:44 AM,"Balmung, Coeurl, Diabolos, Goblin, Zalera, Lamia, Adamantoise, Cactuar, Excalibur"
Figmental Weapon Coffer,9,2025-04-07 11:45 AM,"Brynhildr, Coeurl, Lamia, Midgardsormr, Cactuar, Ultros, Famfrit, Excalibur, Sargatanas"
Gatherer's Guile Materia XI,9,2025-04-07 11:45 AM,"Balmung, Diabolos, Mateus, Adamantoise, Lamia, Jenova, Cactuar, Excalibur, Gilgamesh"
Neo Abrasive,9,2025-04-07 11:44 AM,"Balmung, Coeurl, Goblin, Malboro, Lamia, Famfrit, Excalibur, Sargatanas, Gilgamesh"
Piety Materia XI,9,2025-04-07 11:44 AM,"Goblin, Malboro, Mateus, Zalera, Behemoth, Faerie, Siren, Cactuar, Famfrit"
Shaaloani Coke,9,2025-04-07 11:45 AM,"Brynhildr, Balmung, Adamantoise, Jenova, Faerie, Siren, Famfrit, Lamia, Gilgamesh"
Shaaloani Oilseeds,9,2025-04-07 11:44 AM,"Brynhildr, Diabolos, Leviathan, Behemoth, Exodus, Faerie, Siren, Cactuar, Excalibur"
Star Quartz,9,2025-04-07 11:45 AM,"Brynhildr, Diabolos, Malboro, Hyperion, Behemoth, Midgardsormr, Famfrit, Excalibur, Sargatanas"
Tumbleclaw Weeds,9,2025-04-07 11:45 AM,"Brynhildr, Malboro, Lamia, Hyperion, Leviathan, Jenova, Excalibur, Sargatanas, Gilgamesh"
Bouncer's Holster Vest,8,2025-04-07 11:43 AM,"Coeurl, Diabolos, Malboro, Behemoth, Faerie, Ultros, Famfrit, Excalibur"
Ceremonial Bangle of Healing,8,2025-04-07 11:41 AM,"Balmung, Coeurl, Adamantoise, Behemoth, Jenova, Exodus, Midgardsormr, Ultros"
Ceremonial Bardiche,8,2025-04-07 11:43 AM,"Coeurl, Malboro, Adamantoise, Behemoth, Midgardsormr, Siren, Ultros, Lamia"
Ceremonial Codex,8,2025-04-07 11:45 AM,"Brynhildr, Coeurl, Lamia, Adamantoise, Exodus, Midgardsormr, Ultros, Excalibur"
Ceremonial Culottes of Aiming,8,2025-04-07 11:44 AM,"Brynhildr, Coeurl, Adamantoise, Jenova, Exodus, Midgardsormr, Ultros, Famfrit"
Ceremonial Culottes of Scouting,8,2025-04-07 11:44 AM,"Brynhildr, Balmung, Coeurl, Behemoth, Midgardsormr, Siren, Lamia, Gilgamesh"
Ceremonial Culottes of Striking,8,2025-04-07 11:44 AM,"Brynhildr, Coeurl, Diabolos, Zalera, Jenova, Midgardsormr, Ultros, Lamia"
Ceremonial Earring of Slaying,8,2025-04-07 11:45 AM,"Balmung, Diabolos, Zalera, Behemoth, Jenova, Midgardsormr, Ultros, Gilgamesh"
Ceremonial Gloves of Healing,8,2025-04-07 11:45 AM,"Brynhildr, Coeurl, Behemoth, Jenova, Exodus, Midgardsormr, Siren, Ultros"
Ceremonial Hood of Casting,8,2025-04-07 11:42 AM,"Coeurl, Diabolos, Adamantoise, Leviathan, Exodus, Famfrit, Sargatanas, Gilgamesh"
Ceremonial Hose of Healing,8,2025-04-07 11:45 AM,"Coeurl, Adamantoise, Behemoth, Jenova, Exodus, Midgardsormr, Siren, Lamia"
Ceremonial Longcap of Fending,8,2025-04-07 11:44 AM,"Brynhildr, Coeurl, Adamantoise, Siren, Ultros, Excalibur, Sargatanas, Gilgamesh"
Ceremonial Longcap of Maiming,8,2025-04-07 11:43 AM,"Brynhildr, Balmung, Coeurl, Behemoth, Exodus, Midgardsormr, Ultros, Lamia"
Ceremonial Necklace of Fending,8,2025-04-07 11:44 AM,"Balmung, Coeurl, Adamantoise, Behemoth, Jenova, Exodus, Excalibur, Gilgamesh"
Ceremonial Ring of Casting,8,2025-04-07 11:45 AM,"Balmung, Coeurl, Diabolos, Adamantoise, Behemoth, Jenova, Siren, Ultros"
Ceremonial Ring of Healing,8,2025-04-07 11:41 AM,"Balmung, Coeurl, Adamantoise, Behemoth, Jenova, Midgardsormr, Ultros, Gilgamesh"
Ceremonial Ring of Slaying,8,2025-04-07 11:45 AM,"Balmung, Diabolos, Zalera, Behemoth, Jenova, Midgardsormr, Ultros, Gilgamesh"
Ceremonial Thighboots of Casting,8,2025-04-07 11:45 AM,"Brynhildr, Coeurl, Adamantoise, Leviathan, Jenova, Exodus, Ultros, Sargatanas"
Ceremonial Wand,8,2025-04-07 11:44 AM,"Brynhildr, Coeurl, Diabolos, Goblin, Midgardsormr, Siren, Ultros, Lamia"
Craftsman's Competence Materia XII,8,2025-04-07 11:43 AM,"Coeurl, Zalera, Adamantoise, Jenova, Faerie, Ultros, Excalibur, Gilgamesh"
Craftsman's Cunning Materia IX,8,2025-04-07 11:45 AM,"Balmung, Goblin, Hyperion, Faerie, Ultros, Famfrit, Lamia, Gilgamesh"
Diatryma Pelt,8,2025-04-07 11:45 AM,"Brynhildr, Coeurl, Mateus, Zalera, Cactuar, Famfrit, Lamia, Gilgamesh"
Mollete,8,2025-04-07 11:44 AM,"Balmung, Adamantoise, Leviathan, Behemoth, Jenova, Midgardsormr, Excalibur, Gilgamesh"
Neon Street Blouson,8,2025-04-07 11:45 AM,"Coeurl, Diabolos, Malboro, Zalera, Adamantoise, Ultros, Famfrit, Lamia"
Octahedrite,8,2025-04-07 11:44 AM,"Balmung, Zalera, Leviathan, Jenova, Exodus, Faerie, Lamia, Gilgamesh"
Quicktongue Materia XII,8,2025-04-07 11:44 AM,"Balmung, Coeurl, Diabolos, Zalera, Adamantoise, Cactuar, Excalibur, Sargatanas"
Splendid Mate Leaves,8,2025-04-07 11:44 AM,"Diabolos, Behemoth, Midgardsormr, Siren, Cactuar, Famfrit, Excalibur, Gilgamesh"
Sungilt Aethersand,8,2025-04-07 11:41 AM,"Mateus, Jenova, Siren, Cactuar, Famfrit, Excalibur, Sargatanas, Gilgamesh"
Thunderyards Silk,8,2025-04-07 11:43 AM,"Coeurl, Lamia, Leviathan, Behemoth, Faerie, Famfrit, Excalibur, Gilgamesh"
White Gold Ingot,8,2025-04-07 11:44 AM,"Coeurl, Diabolos, Malboro, Hyperion, Midgardsormr, Siren, Cactuar, Famfrit"
Yak T'el Spring Water,8,2025-04-07 11:44 AM,"Brynhildr, Diabolos, Lamia, Exodus, Faerie, Siren, Excalibur, Sargatanas"
Bell Pepper,7,2025-04-07 11:43 AM,"Diabolos, Leviathan, Jenova, Exodus, Cactuar, Lamia, Sargatanas"
Blackseed Cotton Cloth,7,2025-04-07 11:42 AM,"Brynhildr, Leviathan, Behemoth, Siren, Famfrit, Excalibur, Gilgamesh"
Ceremonial Crakows of Striking,7,2025-04-07 11:45 AM,"Diabolos, Zalera, Jenova, Midgardsormr, Siren, Ultros, Famfrit"
Ceremonial Culverin,7,2025-04-07 11:44 AM,"Brynhildr, Coeurl, Malboro, Midgardsormr, Siren, Ultros, Lamia"
Ceremonial Flat Brush,7,2025-04-07 11:43 AM,"Brynhildr, Coeurl, Behemoth, Midgardsormr, Ultros, Famfrit, Excalibur"
Ceremonial Greaves of Maiming,7,2025-04-07 11:45 AM,"Balmung, Malboro, Behemoth, Jenova, Midgardsormr, Famfrit, Gilgamesh"
Ceremonial Gunblade,7,2025-04-07 11:44 AM,"Brynhildr, Coeurl, Malboro, Lamia, Midgardsormr, Ultros, Excalibur"
Ceremonial Pendulums,7,2025-04-07 11:45 AM,"Brynhildr, Coeurl, Malboro, Exodus, Midgardsormr, Siren, Ultros"
Ceremonial Tulwar,7,2025-04-07 11:45 AM,"Brynhildr, Coeurl, Zalera, Exodus, Midgardsormr, Siren, Excalibur"
Cochineal Pigment,7,2025-04-07 11:44 AM,"Balmung, Behemoth, Jenova, Exodus, Faerie, Lamia, Gilgamesh"
Craftsman's Cunning Materia XI,7,2025-04-07 11:45 AM,"Diabolos, Adamantoise, Midgardsormr, Faerie, Ultros, Excalibur, Gilgamesh"
General-purpose Jet Black Dye,7,2025-04-07 11:45 AM,"Goblin, Mateus, Zalera, Jenova, Ultros, Famfrit, Gilgamesh"
General-purpose Pastel Pink Dye,7,2025-04-07 11:44 AM,"Coeurl, Goblin, Zalera, Adamantoise, Jenova, Siren, Cactuar"
Grade 3 Gemdraught of Mind,7,2025-04-07 11:44 AM,"Coeurl, Adamantoise, Jenova, Midgardsormr, Siren, Famfrit, Sargatanas"
Grade 3 Gemsap of Vitality,7,2025-04-07 11:45 AM,"Coeurl, Malboro, Adamantoise, Leviathan, Exodus, Lamia, Sargatanas"
Hydrophobic Preservative,7,2025-04-07 11:44 AM,"Balmung, Coeurl, Mateus, Jenova, Ultros, Famfrit, Gilgamesh"
Magitek Repair Materials,7,2025-04-07 11:44 AM,"Brynhildr, Mateus, Lamia, Adamantoise, Hyperion, Behemoth, Excalibur"
Quickarm Materia XI,7,2025-04-07 11:44 AM,"Goblin, Mateus, Zalera, Adamantoise, Cactuar, Famfrit, Sargatanas"
Royal Hound,7,2025-04-07 11:43 AM,"Coeurl, Zalera, Midgardsormr, Faerie, Siren, Cactuar, Ultros"
Rroneek Serge,7,2025-04-07 11:43 AM,"Balmung, Diabolos, Mateus, Hyperion, Famfrit, Excalibur, Sargatanas"
Wind Crystal,7,2025-04-07 11:45 AM,"Balmung, Zalera, Jenova, Siren, Cactuar, Sargatanas, Gilgamesh"
Yyasulani Garlic,7,2025-04-07 11:45 AM,"Balmung, Diabolos, Malboro, Mateus, Midgardsormr, Sargatanas, Gilgamesh"
Acacia Bark,6,2025-04-07 11:44 AM,"Diabolos, Malboro, Leviathan, Exodus, Cactuar, Excalibur"
Acacia Log,6,2025-04-07 11:42 AM,"Mateus, Zalera, Cactuar, Ultros, Excalibur, Sargatanas"
Battledance Materia XII,6,2025-04-07 11:44 AM,"Balmung, Diabolos, Goblin, Mateus, Adamantoise, Faerie"
Ceremonial Armguards of Aiming,6,2025-04-07 11:44 AM,"Brynhildr, Coeurl, Midgardsormr, Ultros, Famfrit, Gilgamesh"
Ceremonial Cleavers,6,2025-04-07 11:42 AM,"Brynhildr, Coeurl, Malboro, Lamia, Midgardsormr, Excalibur"
Ceremonial Corselet of Maiming,6,2025-04-07 11:43 AM,"Balmung, Behemoth, Exodus, Midgardsormr, Ultros, Gilgamesh"
Ceremonial Couse,6,2025-04-07 11:42 AM,"Brynhildr, Coeurl, Malboro, Midgardsormr, Ultros, Gilgamesh"
Ceremonial Crakows of Aiming,6,2025-04-07 11:45 AM,"Brynhildr, Coeurl, Jenova, Midgardsormr, Ultros, Famfrit"
Ceremonial Earring of Healing,6,2025-04-07 11:42 AM,"Brynhildr, Coeurl, Adamantoise, Behemoth, Jenova, Midgardsormr"
Ceremonial Longcap of Aiming,6,2025-04-07 11:39 AM,"Brynhildr, Coeurl, Malboro, Behemoth, Exodus, Midgardsormr"
Ceremonial Shamshir,6,2025-04-07 11:44 AM,"Brynhildr, Balmung, Coeurl, Midgardsormr, Excalibur, Gilgamesh"
Ceremonial Shortbow,6,2025-04-07 11:42 AM,"Brynhildr, Coeurl, Malboro, Midgardsormr, Ultros, Gilgamesh"
Ceremonial Smallsword,6,2025-04-07 11:44 AM,"Brynhildr, Coeurl, Midgardsormr, Siren, Ultros, Lamia"
Ceremonial Vest of Aiming,6,2025-04-07 11:44 AM,"Brynhildr, Coeurl, Exodus, Midgardsormr, Ultros, Famfrit"
Ceremonial Vest of Striking,6,2025-04-07 11:45 AM,"Brynhildr, Diabolos, Zalera, Midgardsormr, Ultros, Lamia"
Clear Demimateria III,6,2025-04-07 11:45 AM,"Coeurl, Diabolos, Zalera, Hyperion, Behemoth, Famfrit"
Condensed Solution,6,2025-04-07 11:44 AM,"Diabolos, Zalera, Cactuar, Famfrit, Excalibur, Gilgamesh"
Cordia Log,6,2025-04-07 11:44 AM,"Balmung, Zalera, Behemoth, Jenova, Faerie, Gilgamesh"
Craftsman's Cunning Materia X,6,2025-04-07 11:43 AM,"Adamantoise, Behemoth, Exodus, Faerie, Ultros, Lamia"
Cronopio Leather,6,2025-04-07 11:44 AM,"Balmung, Diabolos, Goblin, Leviathan, Behemoth, Ultros"
Dark Matter Cluster,6,2025-04-07 11:41 AM,"Coeurl, Mateus, Behemoth, Exodus, Cactuar, Famfrit"
Earth Crystal,6,2025-04-07 11:42 AM,"Zalera, Jenova, Faerie, Famfrit, Sargatanas, Gilgamesh"
Egg of Elpis,6,2025-04-07 11:42 AM,"Adamantoise, Leviathan, Behemoth, Jenova, Faerie, Excalibur"
Gagana Leather,6,2025-04-07 11:43 AM,"Malboro, Hyperion, Famfrit, Excalibur, Sargatanas, Gilgamesh"
General-purpose Metallic Silver Dye,6,2025-04-07 11:45 AM,"Balmung, Coeurl, Diabolos, Mateus, Adamantoise, Siren"
Gomphotherium Skin,6,2025-04-07 11:43 AM,"Brynhildr, Diabolos, Goblin, Zalera, Leviathan, Exodus"
Grade 3 Gemsap of Dexterity,6,2025-04-07 11:44 AM,"Coeurl, Zalera, Behemoth, Lamia, Sargatanas, Gilgamesh"
Grade 3 Gemsap of Intelligence,6,2025-04-07 11:45 AM,"Coeurl, Behemoth, Exodus, Excalibur, Sargatanas, Gilgamesh"
Magnesia Whetstone,6,2025-04-07 11:43 AM,"Goblin, Adamantoise, Leviathan, Faerie, Famfrit, Sargatanas"
Maraging Steel Ingot,6,2025-04-07 11:42 AM,"Malboro, Behemoth, Midgardsormr, Ultros, Excalibur, Gilgamesh"
Piety Materia XII,6,2025-04-07 11:44 AM,"Goblin, Mateus, Adamantoise, Midgardsormr, Siren, Cactuar"
Ra'Kaznar Ore,6,2025-04-07 11:40 AM,"Coeurl, Mateus, Lamia, Cactuar, Excalibur, Gilgamesh"
Raptor Leather,6,2025-04-07 11:45 AM,"Adamantoise, Hyperion, Behemoth, Cactuar, Lamia, Sargatanas"
Raw Black Star,6,2025-04-07 11:44 AM,"Coeurl, Diabolos, Exodus, Siren, Cactuar, Gilgamesh"
Raw Rhodochrosite,6,2025-04-07 11:44 AM,"Balmung, Malboro, Leviathan, Jenova, Lamia, Gilgamesh"
Rhodochrosite,6,2025-04-07 11:43 AM,"Diabolos, Adamantoise, Behemoth, Ultros, Sargatanas, Gilgamesh"
Rroneek Fleece,6,2025-04-07 11:44 AM,"Diabolos, Malboro, Exodus, Cactuar, Famfrit, Gilgamesh"
Soot Black Dye,6,2025-04-07 11:43 AM,"Balmung, Coeurl, Mateus, Exodus, Midgardsormr, Sargatanas"
Titanium Gold Nugget,6,2025-04-07 11:42 AM,"Coeurl, Malboro, Cactuar, Excalibur, Sargatanas, Gilgamesh"
Tungsten Ink,6,2025-04-07 11:45 AM,"Mateus, Adamantoise, Behemoth, Famfrit, Lamia, Gilgamesh"
Water Cluster,6,2025-04-07 11:45 AM,"Zalera, Jenova, Siren, Cactuar, Sargatanas, Gilgamesh"
Water Crystal,6,2025-04-07 11:45 AM,"Zalera, Jenova, Siren, Cactuar, Sargatanas, Gilgamesh"
Alexandrian Axe Beak Wing,5,2025-04-07 11:44 AM,"Coeurl, Zalera, Exodus, Siren, Lamia"
Blue Zircon,5,2025-04-07 11:40 AM,"Coeurl, Adamantoise, Behemoth, Famfrit, Excalibur"
Bouncer's Holster Slacks,5,2025-04-07 11:43 AM,"Malboro, Leviathan, Ultros, Famfrit, Excalibur"
Ceremonial Chakrams,5,2025-04-07 11:41 AM,"Brynhildr, Coeurl, Diabolos, Midgardsormr, Ultros"
Ceremonial Claymore,5,2025-04-07 11:44 AM,"Brynhildr, Coeurl, Malboro, Midgardsormr, Ultros"
Ceremonial Torquetum,5,2025-04-07 11:45 AM,"Brynhildr, Coeurl, Exodus, Midgardsormr, Lamia"
Ceviche,5,2025-04-07 11:45 AM,"Balmung, Malboro, Siren, Lamia, Gilgamesh"
Cordia Lumber,5,2025-04-07 11:43 AM,"Balmung, Diabolos, Ultros, Famfrit, Gilgamesh"
Craftsman's Command Materia X,5,2025-04-07 11:44 AM,"Goblin, Adamantoise, Ultros, Famfrit, Excalibur"
Diatryma Felt,5,2025-04-07 11:44 AM,"Diabolos, Zalera, Behemoth, Ultros, Gilgamesh"
Dichromatic Dye,5,2025-04-07 11:40 AM,"Leviathan, Faerie, Siren, Excalibur, Sargatanas"
Electrum Ingot,5,2025-04-07 11:43 AM,"Diabolos, Behemoth, Cactuar, Sargatanas, Gilgamesh"
Everseeker's Headgear of Crafting,5,2025-04-07 11:39 AM,"Coeurl, Diabolos, Zalera, Siren, Ultros"
Fieldcraft Demimateria III,5,2025-04-07 11:45 AM,"Hyperion, Siren, Famfrit, Sargatanas, Gilgamesh"
Fire Shard,5,2025-04-07 11:44 AM,"Brynhildr, Zalera, Jenova, Siren, Cactuar"
Flexible Leather Band,5,2025-04-07 11:43 AM,"Leviathan, Behemoth, Faerie, Cactuar, Sargatanas"
Fulgurite,5,2025-04-07 11:44 AM,"Jenova, Exodus, Faerie, Lamia, Gilgamesh"
General-purpose Metallic Gold Dye,5,2025-04-07 11:45 AM,"Balmung, Mateus, Leviathan, Ultros, Famfrit"
General-purpose Metallic Purple Dye,5,2025-04-07 11:45 AM,"Balmung, Diabolos, Goblin, Mateus, Lamia"
General-purpose Pastel Purple Dye,5,2025-04-07 11:44 AM,"Diabolos, Adamantoise, Hyperion, Famfrit, Excalibur"
Grade 1 Gemsap of Strength,5,2025-04-07 11:43 AM,"Balmung, Coeurl, Malboro, Mateus, Sargatanas"
Grade 3 Gemsap of Mind,5,2025-04-07 11:38 AM,"Diabolos, Leviathan, Midgardsormr, Sargatanas, Gilgamesh"
Grade 3 Gemsap of Strength,5,2025-04-07 11:44 AM,"Malboro, Jenova, Exodus, Sargatanas, Gilgamesh"
Ice Crystal,5,2025-04-07 11:42 AM,"Zalera, Jenova, Faerie, Cactuar, Gilgamesh"
Ice Shard,5,2025-04-07 11:42 AM,"Zalera, Leviathan, Jenova, Siren, Cactuar"
Lar Ingot,5,2025-04-07 11:43 AM,"Mateus, Siren, Cactuar, Lamia, Gilgamesh"
Levinsilk,5,2025-04-07 11:44 AM,"Balmung, Diabolos, Mateus, Exodus, Siren"
Lightning Cluster,5,2025-04-07 11:45 AM,"Zalera, Jenova, Cactuar, Sargatanas, Gilgamesh"
Lightning Crystal,5,2025-04-07 11:42 AM,"Zalera, Jenova, Cactuar, Sargatanas, Gilgamesh"
Mountain Linen,5,2025-04-07 11:43 AM,"Balmung, Mateus, Adamantoise, Faerie, Cactuar"
Ophiotauros Leather,5,2025-04-07 11:45 AM,"Coeurl, Diabolos, Goblin, Hyperion, Sargatanas"
Pearl Grass,5,2025-04-07 11:44 AM,"Coeurl, Diabolos, Goblin, Cactuar, Sargatanas"
Purussaurus Leather,5,2025-04-07 11:42 AM,"Leviathan, Faerie, Siren, Famfrit, Excalibur"
Quickarm Materia XII,5,2025-04-07 11:45 AM,"Balmung, Mateus, Zalera, Adamantoise, Cactuar"
Rose Gold Nugget,5,2025-04-07 11:43 AM,"Hyperion, Midgardsormr, Cactuar, Excalibur, Sargatanas"
Rroneek Chuck,5,2025-04-07 11:45 AM,"Coeurl, Malboro, Mateus, Cactuar, Excalibur"
Scarlet Moko Cloth,5,2025-04-07 11:42 AM,"Brynhildr, Adamantoise, Hyperion, Ultros, Sargatanas"
Shaaloani Coffee,5,2025-04-07 11:44 AM,"Balmung, Jenova, Exodus, Cactuar, Gilgamesh"
Shark-class Bow,5,2025-04-07 11:44 AM,"Adamantoise, Jenova, Midgardsormr, Faerie, Sargatanas"
Shark-class Bridge,5,2025-04-07 11:44 AM,"Adamantoise, Jenova, Midgardsormr, Faerie, Sargatanas"
Shark-class Pressure Hull,5,2025-04-07 11:44 AM,"Adamantoise, Jenova, Midgardsormr, Faerie, Sargatanas"
Sterling Silver Ingot,5,2025-04-07 11:43 AM,"Malboro, Mateus, Midgardsormr, Ultros, Excalibur"
Sweet Maple Mate,5,2025-04-07 11:45 AM,"Diabolos, Mateus, Behemoth, Excalibur, Gilgamesh"
Titanium Gold Ore,5,2025-04-07 11:44 AM,"Hyperion, Behemoth, Exodus, Cactuar, Famfrit"
Ut'ohmu Tomato,5,2025-04-07 11:44 AM,"Mateus, Exodus, Siren, Excalibur, Sargatanas"
Wind Parsley,5,2025-04-07 11:42 AM,"Zalera, Jenova, Midgardsormr, Siren, Cactuar"
Alien Onion,4,2025-04-07 11:42 AM,"Diabolos, Cactuar, Hyperion, Famfrit"
Alpaca Fillet,4,2025-04-07 11:39 AM,"Coeurl, Sargatanas, Siren, Famfrit"
Back to the Drawing Board Orchestrion Roll,4,2025-04-07 11:45 AM,"Coeurl, Excalibur, Hyperion, Ultros"
Barreltender Whistle,4,2025-04-07 11:41 AM,"Balmung, Malboro, Leviathan, Cactuar"
Black Star Earrings of Crafting,4,2025-04-07 11:40 AM,"Coeurl, Zalera, Hyperion, Ultros"
Blade of Sanctifying Light,4,2025-04-07 11:44 AM,"Balmung, Mateus, Jenova, Famfrit"
Boar Leather,4,2025-04-07 11:45 AM,"Sargatanas, Adamantoise, Cactuar, Leviathan"
Br'aax Leather,4,2025-04-07 11:41 AM,"Coeurl, Diabolos, Mateus, Zalera"
Ceremonial Pelta,4,2025-04-07 11:43 AM,"Brynhildr, Balmung, Midgardsormr, Gilgamesh"
Corduroy Felt,4,2025-04-07 11:40 AM,"Coeurl, Zalera, Sargatanas, Famfrit"
Craftsman's Command Materia IX,4,2025-04-07 11:44 AM,"Diabolos, Goblin, Behemoth, Adamantoise"
Craftsman's Competence Materia IX,4,2025-04-07 11:44 AM,"Diabolos, Goblin, Ultros, Famfrit"
Craftsman's Competence Materia X,4,2025-04-07 11:44 AM,"Goblin, Behemoth, Adamantoise, Ultros"
Craftsman's Cunning Materia V,4,2025-04-07 11:44 AM,"Goblin, Lamia, Behemoth, Famfrit"
Cunning Craftsman's Tisane,4,2025-04-07 11:44 AM,"Excalibur, Gilgamesh, Adamantoise, Exodus"
Dark Rye,4,2025-04-07 11:43 AM,"Brynhildr, Behemoth, Siren, Exodus"
Dark Rye Flour,4,2025-04-07 11:39 AM,"Malboro, Mateus, Excalibur, Behemoth"
Dwarven Cotton,4,2025-04-07 11:44 AM,"Midgardsormr, Adamantoise, Cactuar, Famfrit"
Earth Cluster,4,2025-04-07 11:41 AM,"Zalera, Gilgamesh, Cactuar, Jenova"
Fire Cluster,4,2025-04-07 11:42 AM,"Zalera, Gilgamesh, Cactuar, Jenova"
Gaja Leather,4,2025-04-07 11:45 AM,"Balmung, Diabolos, Malboro, Mateus"
Gargantua Leather,4,2025-04-07 11:45 AM,"Excalibur, Leviathan, Siren, Famfrit"
Gatherer's Grasp Materia XI,4,2025-04-07 11:45 AM,"Balmung, Gilgamesh, Jenova, Behemoth"
Gatherer's Grasp Materia XII,4,2025-04-07 11:42 AM,"Mateus, Excalibur, Gilgamesh, Behemoth"
Gatherer's Guile Materia IX,4,2025-04-07 11:45 AM,"Balmung, Goblin, Malboro, Behemoth"
Gatherer's Guile Materia XII,4,2025-04-07 11:45 AM,"Balmung, Excalibur, Behemoth, Ultros"
Gazelle Leather,4,2025-04-07 11:45 AM,"Diabolos, Malboro, Mateus, Hyperion"
Ghost Nipper,4,2025-04-07 11:43 AM,"Balmung, Excalibur, Sargatanas, Siren"
Gold Ingot,4,2025-04-07 11:44 AM,"Mateus, Zalera, Midgardsormr, Leviathan"
Gomphotherium Leather,4,2025-04-07 11:43 AM,"Coeurl, Diabolos, Gilgamesh, Hyperion"
Grade 3 Gemdraught of Intelligence,4,2025-04-07 11:43 AM,"Goblin, Midgardsormr, Jenova, Exodus"
Grade 3 Thanalan Topsoil,4,2025-04-07 11:43 AM,"Goblin, Lamia, Adamantoise, Siren"
Grassy Rug,4,2025-04-07 11:43 AM,"Zalera, Behemoth, Hyperion, Famfrit"
Hammerhead Crocodile Leather,4,2025-04-07 11:41 AM,"Malboro, Mateus, Excalibur, Famfrit"
Hardened Sap,4,2025-04-07 11:43 AM,"Diabolos, Malboro, Mateus, Midgardsormr"
Harmonite Ore,4,2025-04-07 11:43 AM,"Brynhildr, Gilgamesh, Jenova, Exodus"
Ice Cluster,4,2025-04-07 11:41 AM,"Zalera, Gilgamesh, Cactuar, Jenova"
Iron Ore,4,2025-04-07 11:43 AM,"Malboro, Excalibur, Sargatanas, Leviathan"
Kozama'uka Chamomile,4,2025-04-07 11:43 AM,"Balmung, Diabolos, Midgardsormr, Famfrit"
Lemonette,4,2025-04-07 11:44 AM,"Diabolos, Siren, Hyperion, Exodus"
Lightning Shard,4,2025-04-07 11:42 AM,"Zalera, Siren, Cactuar, Jenova"
Modern Aesthetics - Doing the Wave,4,2025-04-07 11:43 AM,"Coeurl, Excalibur, Faerie, Jenova"
Molybdenum Ingot,4,2025-04-07 11:44 AM,"Diabolos, Malboro, Mateus, Behemoth"
Mount Token,4,2025-04-07 11:40 AM,"Balmung, Excalibur, Sargatanas, Cactuar"
Mythloam Aethersand,4,2025-04-07 11:44 AM,"Zalera, Lamia, Faerie, Jenova"
Mythrite Sand,4,2025-04-07 11:38 AM,"Goblin, Malboro, Zalera, Famfrit"
Mythroot Aethersand,4,2025-04-07 11:43 AM,"Brynhildr, Balmung, Gilgamesh, Jenova"
Neon Street Shoes,4,2025-04-07 11:43 AM,"Mateus, Excalibur, Sargatanas, Ultros"
Octahedrite Nugget,4,2025-04-07 11:43 AM,"Diabolos, Gilgamesh, Adamantoise, Behemoth"
Optical Nanofiber,4,2025-04-07 11:43 AM,"Excalibur, Gilgamesh, Siren, Exodus"
Pearl White Dye,4,2025-04-07 11:45 AM,"Balmung, Mateus, Adamantoise, Faerie"
Peppermint,4,2025-04-07 11:44 AM,"Diabolos, Goblin, Famfrit, Exodus"
Queso Fresco,4,2025-04-07 11:43 AM,"Excalibur, Famfrit, Cactuar, Exodus"
Raw Ihuykanite,4,2025-04-07 11:43 AM,"Midgardsormr, Sargatanas, Hyperion, Ultros"
Retainer Fantasia,4,2025-04-07 11:42 AM,"Balmung, Midgardsormr, Hyperion, Famfrit"
Rhodium Ingot,4,2025-04-07 11:41 AM,"Zalera, Excalibur, Behemoth, Famfrit"
Sarcenet Cloth,4,2025-04-07 11:43 AM,"Diabolos, Gilgamesh, Cactuar, Exodus"
Savage Aim Materia V,4,2025-04-07 11:44 AM,"Goblin, Behemoth, Faerie, Leviathan"
Snow Cotton Cloth,4,2025-04-07 11:42 AM,"Malboro, Zalera, Excalibur, Exodus"
Solterito,4,2025-04-07 11:41 AM,"Brynhildr, Goblin, Siren, Exodus"
Steel Ingot,4,2025-04-07 11:44 AM,"Excalibur, Leviathan, Famfrit, Exodus"
Stormsap,4,2025-04-07 11:43 AM,"Coeurl, Malboro, Hyperion, Famfrit"
Sungold Firesand,4,2025-04-07 11:42 AM,"Diabolos, Mateus, Excalibur, Hyperion"
Tsai tou Vounou,4,2025-04-07 11:45 AM,"Excalibur, Sargatanas, Faerie, Hyperion"
Vampire Vine Sap,4,2025-04-07 11:40 AM,"Coeurl, Diabolos, Malboro, Leviathan"
Walnut Lumber,4,2025-04-07 11:44 AM,"Diabolos, Goblin, Excalibur, Lamia"
Water Shard,4,2025-04-07 11:42 AM,"Zalera, Siren, Cactuar, Jenova"
Wind Cluster,4,2025-04-07 11:41 AM,"Zalera, Gilgamesh, Cactuar, Jenova"
Wind Shard,4,2025-04-07 11:42 AM,"Zalera, Siren, Cactuar, Jenova"
AR-Caean Cotton Boll,3,2025-04-07 11:40 AM,"Diabolos, Mateus, Famfrit"
AR-Caean Velvet,3,2025-04-07 11:44 AM,"Balmung, Zalera, Hyperion"
Aldgoat Leather,3,2025-04-07 11:38 AM,"Behemoth, Cactuar, Famfrit"
Alexandrian Plate,3,2025-04-07 11:43 AM,"Excalibur, Behemoth, Exodus"
Allagan Catalyst,3,2025-04-07 11:44 AM,"Diabolos, Malboro, Hyperion"
Ametrine Choker of Aiming,3,2025-04-07 11:41 AM,"Brynhildr, Diabolos, Goblin"
Annite,3,2025-04-07 11:39 AM,"Diabolos, Excalibur, Lamia"
Annite Whetstone,3,2025-04-07 11:41 AM,"Balmung, Adamantoise, Ultros"
Antique Leather,3,2025-04-07 11:37 AM,"Malboro, Leviathan, Cactuar"
Approved Grade 4 Skybuilders' Electrum Ore,3,2025-04-07 11:44 AM,"Coeurl, Famfrit, Exodus"
Approved Grade 4 Skybuilders' Switch,3,2025-04-07 11:43 AM,"Zalera, Sargatanas, Exodus"
Battlecraft Demimateria III,3,2025-04-07 11:44 AM,"Zalera, Behemoth, Hyperion"
Bicolor Gemstone Voucher,3,2025-04-07 11:40 AM,"Balmung, Hyperion, Ultros"
Bismuth Ore,3,2025-04-07 11:38 AM,"Gilgamesh, Hyperion, Famfrit"
Black Star Bracelets of Crafting,3,2025-04-07 11:42 AM,"Coeurl, Zalera, Hyperion"
Black Star Ring of Crafting,3,2025-04-07 11:42 AM,"Coeurl, Zalera, Hyperion"
Black Star Scarf of Crafting,3,2025-04-07 11:41 AM,"Coeurl, Zalera, Hyperion"
Bomb Ash,3,2025-04-07 11:42 AM,"Coeurl, Excalibur, Leviathan"
Botanical Loft,3,2025-04-07 11:43 AM,"Zalera, Leviathan, Famfrit"
Bouncer's Slacks,3,2025-04-07 11:43 AM,"Lamia, Ultros, Famfrit"
Bouncer's Vest,3,2025-04-07 11:43 AM,"Diabolos, Ultros, Famfrit"
Br'aax Hide,3,2025-04-07 11:44 AM,"Mateus, Adamantoise, Cactuar"
Broccoli,3,2025-04-07 11:42 AM,"Diabolos, Cactuar, Exodus"
Cactuar Jig,3,2025-04-07 11:42 AM,"Goblin, Sargatanas, Cactuar"
Cashmere Cloth,3,2025-04-07 11:44 AM,"Midgardsormr, Leviathan, Famfrit"
Ceiba Log,3,2025-04-07 11:44 AM,"Mateus, Lamia, Cactuar"
Ceremonial Sainti,3,2025-04-07 11:42 AM,"Coeurl, Lamia, Midgardsormr"
Ceremonial War Scythe,3,2025-04-07 11:42 AM,"Midgardsormr, Jenova, Ultros"
Chocobo Feather,3,2025-04-07 11:44 AM,"Diabolos, Excalibur, Ultros"
Chondrite Ingot,3,2025-04-07 11:41 AM,"Lamia, Midgardsormr, Hyperion"
Cloudsail,3,2025-04-07 11:41 AM,"Balmung, Goblin, Malboro"
Cobalt Ore,3,2025-04-07 11:43 AM,"Goblin, Mateus, Famfrit"
Cobalt Tungsten Ingot,3,2025-04-07 11:40 AM,"Coeurl, Malboro, Famfrit"
Coke,3,2025-04-07 11:44 AM,"Mateus, Hyperion, Famfrit"
Conditional Virtue,3,2025-04-07 11:41 AM,"Sargatanas, Gilgamesh, Siren"
Construct VI-S Core,3,2025-04-07 11:45 AM,"Brynhildr, Diabolos, Leviathan"
Craftsman's Command Materia VII,3,2025-04-07 11:42 AM,"Adamantoise, Hyperion, Ultros"
Craftsman's Command Materia VIII,3,2025-04-07 11:45 AM,"Gilgamesh, Adamantoise, Hyperion"
Craftsman's Cunning Materia VII,3,2025-04-07 11:45 AM,"Zalera, Behemoth, Hyperion"
Craftsman's Cunning Materia XII,3,2025-04-07 11:43 AM,"Excalibur, Adamantoise, Ultros"
Crystal of Divine Light,3,2025-04-07 11:43 AM,"Malboro, Lamia, Famfrit"
Dark Hempen Cloth,3,2025-04-07 11:41 AM,"Lamia, Sargatanas, Gilgamesh"
Dark Mahogany Lumber,3,2025-04-07 11:41 AM,"Excalibur, Gilgamesh, Siren"
Darksteel Nugget,3,2025-04-07 11:44 AM,"Sargatanas, Adamantoise, Cactuar"
Decorative Hingan Door,3,2025-04-07 11:43 AM,"Balmung, Goblin, Mateus"
Dhalmel Leather,3,2025-04-07 11:42 AM,"Midgardsormr, Gilgamesh, Hyperion"
Dodo Horn,3,2025-04-07 11:44 AM,"Brynhildr, Zalera, Leviathan"
Dragon Pepper,3,2025-04-07 11:44 AM,"Sargatanas, Gilgamesh, Exodus"
Dragoon Blue Dye,3,2025-04-07 11:44 AM,"Balmung, Mateus, Lamia"
Dynamis Crystal,3,2025-04-07 11:44 AM,"Diabolos, Mateus, Jenova"
Earth Shard,3,2025-04-07 11:39 AM,"Zalera, Siren, Jenova"
Eblan Alumen,3,2025-04-07 11:43 AM,"Goblin, Mateus, Ultros"
Eikon Mythrite,3,2025-04-07 11:42 AM,"Diabolos, Goblin, Zalera"
Enchanted Dimythrite Ink,3,2025-04-07 11:44 AM,"Malboro, Mateus, Zalera"
Enchanted Hardsilver Ink,3,2025-04-07 11:44 AM,"Brynhildr, Hyperion, Jenova"
Eucalyptus,3,2025-04-07 11:44 AM,"Midgardsormr, Cactuar, Exodus"
Everseeker's Armguards of Crafting,3,2025-04-07 11:40 AM,"Coeurl, Diabolos, Zalera"
Everseeker's Fishing Rod,3,2025-04-07 11:35 AM,"Excalibur, Sargatanas, Siren"
Everseeker's Garden Scythe,3,2025-04-07 11:42 AM,"Coeurl, Excalibur, Adamantoise"
Everseeker's Goggles of Gathering,3,2025-04-07 11:43 AM,"Brynhildr, Diabolos, Siren"
Everseeker's Slops of Crafting,3,2025-04-07 11:40 AM,"Coeurl, Diabolos, Zalera"
Everseeker's Spinning Wheel,3,2025-04-07 11:42 AM,"Brynhildr, Hyperion, Ultros"
Everseeker's Top of Crafting,3,2025-04-07 11:42 AM,"Coeurl, Diabolos, Lamia"
Everseeker's Workboots of Crafting,3,2025-04-07 11:40 AM,"Coeurl, Diabolos, Zalera"
Fighting Ring,3,2025-04-07 11:44 AM,"Coeurl, Zalera, Ultros"
Gargantua Hide,3,2025-04-07 11:42 AM,"Diabolos, Zalera, Siren"
Gatherer's Grasp Materia III,3,2025-04-07 11:44 AM,"Goblin, Lamia, Adamantoise"
Gatherer's Guerdon Materia II,3,2025-04-07 11:44 AM,"Zalera, Lamia, Jenova"
Gatherer's Guerdon Materia IX,3,2025-04-07 11:40 AM,"Malboro, Behemoth, Famfrit"
General-purpose Metallic Blue Dye,3,2025-04-07 11:44 AM,"Diabolos, Hyperion, Famfrit"
General-purpose Pure White Dye,3,2025-04-07 11:43 AM,"Balmung, Zalera, Siren"
Ginseng Log,3,2025-04-07 11:41 AM,"Excalibur, Sargatanas, Famfrit"
Ginseng Lumber,3,2025-04-07 11:41 AM,"Mateus, Zalera, Lamia"
Glamour Prism,3,2025-04-07 11:43 AM,"Balmung, Lamia, Midgardsormr"
Grade 1 Gemdraught of Dexterity,3,2025-04-07 11:41 AM,"Excalibur, Lamia, Cactuar"
Grade 2 Gemdraught of Dexterity,3,2025-04-07 11:45 AM,"Brynhildr, Sargatanas, Adamantoise"
Grade 2 Gemdraught of Mind,3,2025-04-07 11:44 AM,"Sargatanas, Siren, Jenova"
Grade 5 Dexterity Alkahest,3,2025-04-07 11:43 AM,"Brynhildr, Sargatanas, Famfrit"
Grade 5 Strength Alkahest,3,2025-04-07 11:42 AM,"Malboro, Mateus, Sargatanas"
Grade 5 Tincture of Intelligence,3,2025-04-07 11:45 AM,"Diabolos, Gilgamesh, Faerie"
Gunmetal Black Dye,3,2025-04-07 11:45 AM,"Balmung, Mateus, Adamantoise"
Harbor Herring,3,2025-04-07 11:41 AM,"Brynhildr, Goblin, Famfrit"
Heavens' Eye Materia IX,3,2025-04-07 11:40 AM,"Brynhildr, Goblin, Mateus"
High Durium Ingot,3,2025-04-07 11:41 AM,"Brynhildr, Malboro, Lamia"
Immutable Solution,3,2025-04-07 11:44 AM,"Zalera, Lamia, Ultros"
Ipe Log,3,2025-04-07 11:44 AM,"Mateus, Adamantoise, Faerie"
Ipe Lumber,3,2025-04-07 11:42 AM,"Diabolos, Ultros, Famfrit"
Iron Ingot,3,2025-04-07 11:41 AM,"Diabolos, Midgardsormr, Exodus"
Kudzu Root,3,2025-04-07 11:44 AM,"Mateus, Excalibur, Exodus"
Kumbhira Leather,3,2025-04-07 11:44 AM,"Goblin, Sargatanas, Hyperion"
Loam Brown Dye,3,2025-04-07 11:44 AM,"Brynhildr, Siren, Jenova"
Lunar Adamantite Ingot,3,2025-04-07 11:34 AM,"Zalera, Lamia, Famfrit"
Luncheon Toadskin Thighboots of Aiming,3,2025-04-07 11:43 AM,"Coeurl, Malboro, Zalera"
Magicked Bed,3,2025-04-07 11:45 AM,"Brynhildr, Faerie, Leviathan"
Magicked Children's Bed,3,2025-04-07 11:41 AM,"Balmung, Faerie, Leviathan"
Manganese Ingot,3,2025-04-07 11:39 AM,"Excalibur, Sargatanas, Adamantoise"
Megamaguey Pineapple,3,2025-04-07 11:40 AM,"Sargatanas, Faerie, Cactuar"
Mineral Water,3,2025-04-07 11:41 AM,"Midgardsormr, Famfrit, Exodus"
Moon Gel,3,2025-04-07 11:44 AM,"Lamia, Adamantoise, Hyperion"
Moonlight Aethersand,3,2025-04-07 11:42 AM,"Malboro, Midgardsormr, Sargatanas"
Moqueca,3,2025-04-07 11:43 AM,"Lamia, Midgardsormr, Sargatanas"
Mountain Chromite Blade,3,2025-04-07 11:44 AM,"Malboro, Sargatanas, Cactuar"
Mountain Chromite Ingot,3,2025-04-07 11:44 AM,"Lamia, Gilgamesh, Siren"
Mountain Flax,3,2025-04-07 11:42 AM,"Faerie, Siren, Famfrit"
Mountain Salt,3,2025-04-07 11:37 AM,"Malboro, Gilgamesh, Behemoth"
Mythril Plate,3,2025-04-07 11:43 AM,"Sargatanas, Gilgamesh, Cactuar"
Mythrite Nugget,3,2025-04-07 11:42 AM,"Goblin, Cactuar, Ultros"
Neon Street Cargo Trousers,3,2025-04-07 11:43 AM,"Mateus, Zalera, Ultros"
Night Vinegar,3,2025-04-07 11:37 AM,"Zalera, Gilgamesh, Behemoth"
Ornate Ceremonial Corselet of Fending,3,2025-04-07 11:42 AM,"Balmung, Adamantoise, Famfrit"
Ornate Ceremonial Tunic of Healing,3,2025-04-07 11:44 AM,"Diabolos, Mateus, Jenova"
Ovibos Milk,3,2025-04-07 11:42 AM,"Lamia, Midgardsormr, Hyperion"
Paes de Queijo,3,2025-04-07 11:40 AM,"Lamia, Behemoth, Exodus"
Patchwork Sofa,3,2025-04-07 11:43 AM,"Zalera, Siren, Hyperion"
Phaethon Horn,3,2025-04-07 11:41 AM,"Zalera, Lamia, Leviathan"
Piety Materia IX,3,2025-04-07 11:41 AM,"Brynhildr, Mateus, Hyperion"
Piety Materia VIII,3,2025-04-07 11:42 AM,"Balmung, Faerie, Cactuar"
Quick-hardening Sealant,3,2025-04-07 11:43 AM,"Goblin, Mateus, Midgardsormr"
Rail-and-stile Partition,3,2025-04-07 11:40 AM,"Diabolos, Goblin, Famfrit"
Rakshasa Ring of Casting,3,2025-04-07 11:40 AM,"Sargatanas, Faerie, Siren"
Ramie Cloth,3,2025-04-07 11:42 AM,"Excalibur, Midgardsormr, Hyperion"
Raw Ametrine,3,2025-04-07 11:44 AM,"Mateus, Excalibur, Leviathan"
Rose Gold Ingot,3,2025-04-07 11:41 AM,"Mateus, Behemoth, Hyperion"
Roses of May (Dawntrail) Orchestrion Roll,3,2025-04-07 11:44 AM,"Zalera, Hyperion, Jenova"
Royal Maple Sap,3,2025-04-07 11:42 AM,"Diabolos, Mateus, Behemoth"
Royal Maple Syrup,3,2025-04-07 11:42 AM,"Diabolos, Goblin, Gilgamesh"
Rroneek Horn,3,2025-04-07 11:41 AM,"Balmung, Leviathan, Cactuar"
Ruby Red Dye,3,2025-04-07 11:44 AM,"Balmung, Malboro, Mateus"
Ruthenium Ore,3,2025-04-07 11:43 AM,"Mateus, Excalibur, Midgardsormr"
Rutilated Quartz,3,2025-04-07 11:41 AM,"Malboro, Siren, Hyperion"
Sabotender de la Luna Whistle,3,2025-04-07 11:44 AM,"Zalera, Leviathan, Jenova"
Saiga Leather,3,2025-04-07 11:44 AM,"Brynhildr, Balmung, Zalera"
Savage Aim Materia IX,3,2025-04-07 11:42 AM,"Brynhildr, Goblin, Sargatanas"
Savage Might Materia VII,3,2025-04-07 11:40 AM,"Balmung, Faerie, Cactuar"
Savage Might Materia VIII,3,2025-04-07 11:39 AM,"Balmung, Zalera, Sargatanas"
Savage Might Materia X,3,2025-04-07 11:42 AM,"Brynhildr, Goblin, Sargatanas"
Seacloth,3,2025-04-07 11:40 AM,"Balmung, Lamia, Cactuar"
Silver Ingot,3,2025-04-07 11:44 AM,"Midgardsormr, Sargatanas, Cactuar"
Silver Lobo Hide,3,2025-04-07 11:43 AM,"Mateus, Leviathan, Cactuar"
Silver Ore,3,2025-04-07 11:40 AM,"Mateus, Excalibur, Sargatanas"
Simple Sink,3,2025-04-07 11:44 AM,"Malboro, Gilgamesh, Siren"
Slithersand,3,2025-04-07 11:41 AM,"Zalera, Lamia, Famfrit"
Snow White Dye,3,2025-04-07 11:38 AM,"Coeurl, Lamia, Sargatanas"
Sunset Orchestrion Roll,3,2025-04-07 11:45 AM,"Brynhildr, Mateus, Hyperion"
The Faces We Wear - Coeurl Eyeglasses,3,2025-04-07 11:42 AM,"Brynhildr, Leviathan, Cactuar"
Tiled Carpeting,3,2025-04-07 11:37 AM,"Leviathan, Faerie, Cactuar"
Timeworn Gliderskin Map,3,2025-04-07 11:37 AM,"Zalera, Excalibur, Hyperion"
Tiny Echevore,3,2025-04-07 11:42 AM,"Brynhildr, Goblin, Sargatanas"
Turali Alumen,3,2025-04-07 11:45 AM,"Excalibur, Sargatanas, Exodus"
Turali Bicolor Gemstone Voucher,3,2025-04-07 11:40 AM,"Balmung, Coeurl, Ultros"
Twilight Gemstone,3,2025-04-07 11:43 AM,"Balmung, Faerie, Siren"
Ty'aitya Whistle,3,2025-04-07 11:42 AM,"Balmung, Leviathan, Ultros"
Ty'aitya Wingblade,3,2025-04-07 11:45 AM,"Zalera, Sargatanas, Siren"
Underground Spring Water,3,2025-04-07 11:40 AM,"Diabolos, Hyperion, Jenova"
Ut'ohmu Chili Sauce,3,2025-04-07 11:41 AM,"Midgardsormr, Gilgamesh, Sargatanas"
Vertical Neon Wall Light,3,2025-04-07 11:44 AM,"Sargatanas, Adamantoise, Leviathan"
White Gold Ore,3,2025-04-07 11:44 AM,"Goblin, Cactuar, Hyperion"
White Pepper,3,2025-04-07 11:44 AM,"Diabolos, Mateus, Exodus"
Wind-up Elvaan,3,2025-04-07 11:43 AM,"Brynhildr, Sargatanas, Siren"
Wintertide Blouson,3,2025-04-07 11:44 AM,"Coeurl, Adamantoise, Jenova"
Wood-fired Range,3,2025-04-07 11:39 AM,"Lamia, Siren, Hyperion"
Wooden Staircase Bookshelf,3,2025-04-07 11:40 AM,"Balmung, Faerie, Ultros"
Acacia Lumber,2,2025-04-07 11:44 AM,"Diabolos, Cactuar"
Ala Mhigan Salt Crystal,2,2025-04-07 11:41 AM,"Mateus, Faerie"
Albino Karakul Horn,2,2025-04-07 11:40 AM,"Adamantoise, Leviathan"
Alkonost Whistle,2,2025-04-07 11:44 AM,"Leviathan, Jenova"
Allagan Bronze Piece,2,2025-04-07 11:43 AM,"Midgardsormr, Gilgamesh"
Allagan Silver Piece,2,2025-04-07 11:43 AM,"Midgardsormr, Gilgamesh"
Allagan Tomestone of Frivolity,2,2025-04-07 11:43 AM,"Brynhildr, Ultros"
Amphiptere Leather,2,2025-04-07 11:42 AM,"Leviathan, Famfrit"
Animal Fat,2,2025-04-07 11:41 AM,"Goblin, Mateus"
Antidote,2,2025-04-07 11:39 AM,"Sargatanas, Behemoth"
Approved Grade 4 Artisanal Skybuilders' Log,2,2025-04-07 11:45 AM,"Gilgamesh, Exodus"
Approved Grade 4 Artisanal Skybuilders' Prismstone,2,2025-04-07 11:45 AM,"Malboro, Gilgamesh"
Approved Grade 4 Artisanal Skybuilders' Raspberry,2,2025-04-07 11:44 AM,"Gilgamesh, Leviathan"
Approved Grade 4 Artisanal Skybuilders' Spring Water,2,2025-04-07 11:44 AM,"Gilgamesh, Exodus"
Approved Grade 4 Skybuilders' Bluespirit Ore,2,2025-04-07 11:43 AM,"Midgardsormr, Exodus"
Approved Grade 4 Skybuilders' Gold Ore,2,2025-04-07 11:44 AM,"Leviathan, Exodus"
Approved Grade 4 Skybuilders' Gold Sand,2,2025-04-07 11:44 AM,"Famfrit, Exodus"
Approved Grade 4 Skybuilders' Hemp,2,2025-04-07 11:43 AM,"Zalera, Exodus"
Approved Grade 4 Skybuilders' Iron Ore,2,2025-04-07 11:42 AM,"Zalera, Faerie"
Approved Grade 4 Skybuilders' Ore,2,2025-04-07 11:41 AM,"Faerie, Famfrit"
Approved Grade 4 Skybuilders' Primordial Resin,2,2025-04-07 11:44 AM,"Malboro, Exodus"
Approved Grade 4 Skybuilders' Rock Salt,2,2025-04-07 11:44 AM,"Zalera, Exodus"
Approved Grade 4 Skybuilders' Wheat,2,2025-04-07 11:44 AM,"Leviathan, Exodus"
Aqueous Whetstone,2,2025-04-07 11:44 AM,"Malboro, Hyperion"
Archaeornis Skin,2,2025-04-07 11:40 AM,"Malboro, Zalera"
Archeo Kingdom Hood of Casting,2,2025-04-07 11:42 AM,"Sargatanas, Faerie"
Archeo Kingdom Poleyns of Casting,2,2025-04-07 11:42 AM,"Sargatanas, Behemoth"
Archeo Kingdom Ring of Casting,2,2025-04-07 11:33 AM,"Behemoth, Ultros"
Ash Tuna,2,2025-04-07 11:39 AM,"Brynhildr, Malboro"
Astral Silk,2,2025-04-07 11:41 AM,"Hyperion, Exodus"
Aurum Regis Nugget,2,2025-04-07 11:44 AM,"Jenova, Exodus"
Awaksbane Apoda,2,2025-04-07 11:38 AM,"Excalibur, Adamantoise"
Azure Glider,2,2025-04-07 11:44 AM,"Malboro, Exodus"
Baby Bun,2,2025-04-07 11:43 AM,"Behemoth, Cactuar"
Ballroom Etiquette - Decadent Decoration,2,2025-04-07 11:39 AM,"Faerie, Cactuar"
Ballroom Etiquette - Intelligent Impressions,2,2025-04-07 11:43 AM,"Mateus, Faerie"
Ballroom Etiquette - Pointed Misgivings,2,2025-04-07 11:41 AM,"Brynhildr, Faerie"
Ballroom Etiquette - Scrupulous Citations,2,2025-04-07 11:39 AM,"Faerie, Cactuar"
Ballroom Etiquette - The Winsome Wallflower,2,2025-04-07 11:39 AM,"Adamantoise, Faerie"
Ballroom Etiquette - Uncouth Congratulations,2,2025-04-07 11:39 AM,"Adamantoise, Faerie"
Basilisk Whetstone,2,2025-04-07 11:44 AM,"Excalibur, Jenova"
Battlecraft Demimateria II,2,2025-04-07 11:44 AM,"Zalera, Hyperion"
Battledance Materia VII,2,2025-04-07 11:40 AM,"Behemoth, Faerie"
Bear Fat,2,2025-04-07 11:39 AM,"Malboro, Mateus"
Better Crowned Pie,2,2025-04-07 11:38 AM,"Lamia, Leviathan"
Big Shell Whistle,2,2025-04-07 11:42 AM,"Brynhildr, Leviathan"
Bismuth Ingot,2,2025-04-07 11:41 AM,"Sargatanas, Adamantoise"
Black Paperflower Earring,2,2025-04-07 11:38 AM,"Adamantoise, Leviathan"
Blank Grade 2 Orchestrion Roll,2,2025-04-07 11:44 AM,"Mateus, Hyperion"
Blood Tomato,2,2025-04-07 11:34 AM,"Zalera, Excalibur"
Blue Blossom Parasol,2,2025-04-07 11:42 AM,"Mateus, Zalera"
Bluebird,2,2025-04-07 11:36 AM,"Faerie, Siren"
Boarskin Ringbands,2,2025-04-07 11:39 AM,"Excalibur, Leviathan"
Borax,2,2025-04-07 11:43 AM,"Mateus, Midgardsormr"
Branchbearer Fruit,2,2025-04-07 11:42 AM,"Leviathan, Hyperion"
Brashgold Plate,2,2025-04-07 11:42 AM,"Adamantoise, Cactuar"
Bright Linen Cloth,2,2025-04-07 11:41 AM,"Excalibur, Sargatanas"
Cactuar Pajama Bottoms,2,2025-04-07 11:42 AM,"Leviathan, Exodus"
Cactuar Pajama Eye Mask,2,2025-04-07 11:43 AM,"Malboro, Faerie"
Calamari Ripieni,2,2025-04-07 11:42 AM,"Brynhildr, Diabolos"
Calf Leather,2,2025-04-07 11:41 AM,"Balmung, Cactuar"
Calfskin Rider's Bottoms,2,2025-04-07 11:44 AM,"Goblin, Zalera"
Calfskin Rider's Cap,2,2025-04-07 11:44 AM,"Goblin, Sargatanas"
Calfskin Rider's Jacket,2,2025-04-07 11:44 AM,"Goblin, Zalera"
Calydontis Horn,2,2025-04-07 11:43 AM,"Midgardsormr, Leviathan"
Caprice Fleece,2,2025-04-07 11:34 AM,"Diabolos, Famfrit"
Capybara Pup,2,2025-04-07 11:42 AM,"Brynhildr, Faerie"
Carbuncle Desk,2,2025-04-07 11:39 AM,"Siren, Jenova"
Carrot Nibbles,2,2025-04-07 11:41 AM,"Faerie, Hyperion"
Castle Zvahl Orchestrion Roll,2,2025-04-07 11:41 AM,"Faerie, Famfrit"
Ceiba Lumber,2,2025-04-07 11:41 AM,"Excalibur, Cactuar"
Cherry Bomb,2,2025-04-07 11:36 AM,"Faerie, Siren"
Cherry Confetti,2,2025-04-07 11:44 AM,"Balmung, Coeurl"
Chimerical Felt,2,2025-04-07 11:37 AM,"Leviathan, Exodus"
Chloroschist Whetstone,2,2025-04-07 11:40 AM,"Balmung, Malboro"
Chondrite,2,2025-04-07 11:35 AM,"Malboro, Lamia"
Claro Walnut Log,2,2025-04-07 11:42 AM,"Famfrit, Exodus"
Classical Sagittarius's Caligae,2,2025-04-07 11:37 AM,"Diabolos, Exodus"
Clear Demimateria I,2,2025-04-07 11:45 AM,"Zalera, Leviathan"
Clear Demimateria II,2,2025-04-07 11:43 AM,"Malboro, Zalera"
Cloth-softening Powder,2,2025-04-07 11:42 AM,"Balmung, Cactuar"
Cobalt Ingot,2,2025-04-07 11:45 AM,"Goblin, Cactuar"
Coconut,2,2025-04-07 11:44 AM,"Goblin, Midgardsormr"
Coconut Milk,2,2025-04-07 11:39 AM,"Mateus, Midgardsormr"
Coerthan Tea Leaves,2,2025-04-07 11:39 AM,"Zalera, Sargatanas"
Coffer o' Kupos,2,2025-04-07 11:37 AM,"Behemoth, Adamantoise"
Copper Ore,2,2025-04-07 11:45 AM,"Goblin, Famfrit"
Copycat Bulb,2,2025-04-07 11:41 AM,"Zalera, Hyperion"
Craftsman's Command Materia IV,2,2025-04-07 11:41 AM,"Brynhildr, Behemoth"
Craftsman's Competence Materia I,2,2025-04-07 11:42 AM,"Jenova, Exodus"
Craftsman's Competence Materia IV,2,2025-04-07 11:40 AM,"Brynhildr, Leviathan"
Craftsman's Competence Materia VII,2,2025-04-07 11:43 AM,"Balmung, Hyperion"
Craftsman's Cunning Materia II,2,2025-04-07 11:43 AM,"Brynhildr, Adamantoise"
Craftsman's Cunning Materia III,2,2025-04-07 11:44 AM,"Ultros, Famfrit"
Craftsman's Cunning Materia VIII,2,2025-04-07 11:42 AM,"Ultros, Famfrit"
Crescent Moon Cone,2,2025-04-07 11:38 AM,"Siren, Famfrit"
Crescent Spring Water,2,2025-04-07 11:42 AM,"Ultros, Exodus"
Crystal Glass,2,2025-04-07 11:44 AM,"Mateus, Hyperion"
Cyclops Onion,2,2025-04-07 11:38 AM,"Coeurl, Zalera"
Dais of Darkness,2,2025-04-07 11:41 AM,"Balmung, Leviathan"
Dark Hemp,2,2025-04-07 11:41 AM,"Goblin, Mateus"
Dark Mahogany Log,2,2025-04-07 11:41 AM,"Sargatanas, Famfrit"
Defthand's Dissolvent,2,2025-04-07 11:43 AM,"Adamantoise, Cactuar"
Deluxe Manor Fireplace,2,2025-04-07 11:42 AM,"Coeurl, Sargatanas"
Dew Thread,2,2025-04-07 11:44 AM,"Zalera, Ultros"
Dhalmel Hide,2,2025-04-07 11:42 AM,"Malboro, Mateus"
Diadochos Boots of Casting,2,2025-04-07 11:38 AM,"Excalibur, Sargatanas"
Diadochos Codex,2,2025-04-07 11:39 AM,"Gilgamesh, Jenova"
Diadochos Poleyns of Maiming,2,2025-04-07 11:44 AM,"Balmung, Zalera"
Diadochos Smallsword,2,2025-04-07 11:42 AM,"Goblin, Leviathan"
Diadochos Wristband of Casting,2,2025-04-07 11:40 AM,"Faerie, Siren"
Diamond Plating,2,2025-04-07 11:45 AM,"Balmung, Coeurl"
Diaspore Bracelet of Aiming,2,2025-04-07 11:45 AM,"Lamia, Jenova"
Durium Nugget,2,2025-04-07 11:43 AM,"Brynhildr, Balmung"
Eastern Indoor Pond,2,2025-04-07 11:44 AM,"Gilgamesh, Famfrit"
Eggeater Horn,2,2025-04-07 11:41 AM,"Malboro, Leviathan"
Eikon Leather Boots of Healing,2,2025-04-07 11:40 AM,"Goblin, Faerie"
Elder Nutmeg Seeds,2,2025-04-07 11:40 AM,"Diabolos, Faerie"
Eldthurs Horn,2,2025-04-07 11:41 AM,"Brynhildr, Leviathan"
Elm Lumber,2,2025-04-07 11:40 AM,"Coeurl, Exodus"
Emerald,2,2025-04-07 11:42 AM,"Balmung, Leviathan"
Enchanted Elm Lumber,2,2025-04-07 11:37 AM,"Cactuar, Famfrit"
Everseeker's Alembic,2,2025-04-07 11:43 AM,"Brynhildr, Jenova"
Everseeker's Bomb Frypan,2,2025-04-07 11:43 AM,"Brynhildr, Excalibur"
Everseeker's Coat of Gathering,2,2025-04-07 11:43 AM,"Brynhildr, Siren"
Everseeker's Creasing Knife,2,2025-04-07 11:42 AM,"Brynhildr, Excalibur"
Everseeker's Culinary Knife,2,2025-04-07 11:42 AM,"Siren, Jenova"
Everseeker's Gloves of Gathering,2,2025-04-07 11:43 AM,"Brynhildr, Siren"
Everseeker's Kecks of Gathering,2,2025-04-07 11:44 AM,"Brynhildr, Siren"
Everseeker's Needle,2,2025-04-07 11:42 AM,"Brynhildr, Hyperion"
Everseeker's Shoes of Gathering,2,2025-04-07 11:44 AM,"Brynhildr, Siren"
Exarchic Earrings of Aiming,2,2025-04-07 11:44 AM,"Zalera, Faerie"
Exciting Leather,2,2025-04-07 11:40 AM,"Lamia, Hyperion"
Eye of Earth,2,2025-04-07 11:43 AM,"Sargatanas, Cactuar"
Factory Railing,2,2025-04-07 11:38 AM,"Hyperion, Famfrit"
Faded Copy of Another Round,2,2025-04-07 11:43 AM,"Goblin, Mateus"
Faded Copy of Roses of May (Dawntrail),2,2025-04-07 11:38 AM,"Goblin, Zalera"
Filtered Water,2,2025-04-07 11:44 AM,"Hyperion, Famfrit"
Flagstone Steps,2,2025-04-07 11:42 AM,"Balmung, Zalera"
Fleece,2,2025-04-07 11:44 AM,"Hyperion, Jenova"
Flooring Mat,2,2025-04-07 11:36 AM,"Coeurl, Goblin"
Frontier Cloth,2,2025-04-07 11:37 AM,"Cactuar, Famfrit"
Gabriel Mark III Identification Key,2,2025-04-07 11:40 AM,"Faerie, Leviathan"
Gabriel α Identification Key,2,2025-04-07 11:44 AM,"Faerie, Leviathan"
Garlean Cheese,2,2025-04-07 11:38 AM,"Lamia, Gilgamesh"
Gateau au Chocolat,2,2025-04-07 11:43 AM,"Hyperion, Ultros"
Gatherer's Grasp Materia IV,2,2025-04-07 11:45 AM,"Diabolos, Lamia"
Gatherer's Grasp Materia VI,2,2025-04-07 11:41 AM,"Faerie, Cactuar"
Gatherer's Guerdon Materia X,2,2025-04-07 11:42 AM,"Behemoth, Famfrit"
Gatherer's Guerdon Materia XI,2,2025-04-07 11:38 AM,"Excalibur, Gilgamesh"
Gatherer's Guile Materia VII,2,2025-04-07 11:37 AM,"Lamia, Behemoth"
Gatherer's Guile Materia VIII,2,2025-04-07 11:41 AM,"Gilgamesh, Faerie"
General-purpose Dark Purple Dye,2,2025-04-07 11:43 AM,"Balmung, Ultros"
General-purpose Metallic Green Dye,2,2025-04-07 11:43 AM,"Coeurl, Hyperion"
Giant Leaf Parasol,2,2025-04-07 11:42 AM,"Malboro, Leviathan"
Ginseng Ring,2,2025-04-07 11:42 AM,"Sargatanas, Hyperion"
Glamour Dispeller,2,2025-04-07 11:45 AM,"Hyperion, Ultros"
Glass Fiber,2,2025-04-07 11:44 AM,"Goblin, Mateus"
Gold Ore,2,2025-04-07 11:45 AM,"Diabolos, Goblin"
Grade 1 Gemdraught of Intelligence,2,2025-04-07 11:44 AM,"Goblin, Excalibur"
Grade 1 Gemdraught of Vitality,2,2025-04-07 11:37 AM,"Mateus, Excalibur"
Grade 1 Gemsap of Dexterity,2,2025-04-07 11:42 AM,"Mateus, Midgardsormr"
Grade 1 Gemsap of Mind,2,2025-04-07 11:43 AM,"Siren, Cactuar"
Grade 2 Gemsap of Intelligence,2,2025-04-07 11:44 AM,"Siren, Cactuar"
Grade 3 La Noscean Topsoil,2,2025-04-07 11:45 AM,"Leviathan, Siren"
Grade 8 Tincture of Intelligence,2,2025-04-07 11:32 AM,"Behemoth, Siren"
Grade 8 Tincture of Strength,2,2025-04-07 11:36 AM,"Siren, Hyperion"
Green Cosmos Corsage,2,2025-04-07 11:37 AM,"Lamia, Exodus"
Green Glider Leather,2,2025-04-07 11:38 AM,"Balmung, Zalera"
Green Triteleia Earring,2,2025-04-07 11:44 AM,"Lamia, Hyperion"
Greengrocer's Stall,2,2025-04-07 11:38 AM,"Diabolos, Hyperion"
Ground Sloth Leather,2,2025-04-07 11:40 AM,"Diabolos, Siren"
Gyr Abanian Flour,2,2025-04-07 11:40 AM,"Brynhildr, Mateus"
Hallowed Ramie Cloth,2,2025-04-07 11:39 AM,"Midgardsormr, Leviathan"
Hamsa Tenderloin,2,2025-04-07 11:43 AM,"Mateus, Behemoth"
Hannish Varnish,2,2025-04-07 11:42 AM,"Mateus, Sargatanas"
Hard Hippogryph Leather,2,2025-04-07 11:44 AM,"Midgardsormr, Hyperion"
Hardsilver Ingot,2,2025-04-07 11:38 AM,"Adamantoise, Leviathan"
Haritaki,2,2025-04-07 11:38 AM,"Mateus, Gilgamesh"
Harlequin Lancer,2,2025-04-07 11:43 AM,"Goblin, Exodus"
Heavens' Eye Materia VII,2,2025-04-07 11:42 AM,"Goblin, Faerie"
Heavens' Eye Materia VIII,2,2025-04-07 11:40 AM,"Balmung, Faerie"
High Durium Nugget,2,2025-04-07 11:38 AM,"Coeurl, Malboro"
Highland Boots,2,2025-04-07 11:44 AM,"Mateus, Adamantoise"
Hingan Wall Cabinet,2,2025-04-07 11:38 AM,"Adamantoise, Siren"
Hippogryph Leather,2,2025-04-07 11:43 AM,"Gilgamesh, Hyperion"
Hippogryph Skin,2,2025-04-07 11:40 AM,"Faerie, Exodus"
Holy Cedar Lumber,2,2025-04-07 11:44 AM,"Cactuar, Jenova"
Horse Chestnut Lumber,2,2025-04-07 11:42 AM,"Coeurl, Malboro"
Icetrap Leaf,2,2025-04-07 11:41 AM,"Malboro, Sargatanas"
Il Mheg Arbor,2,2025-04-07 11:37 AM,"Diabolos, Ultros"
Incitatus Whistle,2,2025-04-07 11:41 AM,"Brynhildr, Leviathan"
Integral Lumber,2,2025-04-07 11:40 AM,"Siren, Exodus"
Iris Purple Dye,2,2025-04-07 11:37 AM,"Lamia, Siren"
Ishgardian Steel Ingot,2,2025-04-07 11:43 AM,"Mateus, Siren"
Island Adenium Whistle,2,2025-04-07 11:41 AM,"Zalera, Leviathan"
Ivy Pendant Wall Light,2,2025-04-07 11:42 AM,"Zalera, Midgardsormr"
Jhinga Biryani,2,2025-04-07 11:43 AM,"Sargatanas, Hyperion"
Kirimu Boots of Healing,2,2025-04-07 11:37 AM,"Faerie, Leviathan"
Koppranickel Ingot,2,2025-04-07 11:35 AM,"Malboro, Excalibur"
Lar Ring of Casting,2,2025-04-07 11:40 AM,"Brynhildr, Exodus"
Lar Ring of Slaying,2,2025-04-07 11:45 AM,"Cactuar, Exodus"
Lawless Enforcer's Hat,2,2025-04-07 11:41 AM,"Siren, Cactuar"
Lesser Apollyon Shell,2,2025-04-07 11:43 AM,"Leviathan, Hyperion"
Lignum Vitae Log,2,2025-04-07 11:43 AM,"Diabolos, Sargatanas"
Lignum Vitae Lumber,2,2025-04-07 11:43 AM,"Diabolos, Adamantoise"
Lime Sulphur,2,2025-04-07 11:44 AM,"Mateus, Hyperion"
Liquid Glass,2,2025-04-07 11:31 AM,"Excalibur, Lamia"
Longbow of Sanctifying Light,2,2025-04-07 11:36 AM,"Excalibur, Leviathan"
Luminous Wooden Loft,2,2025-04-07 11:44 AM,"Gilgamesh, Ultros"
Luncheon Toad Leather,2,2025-04-07 11:43 AM,"Mateus, Leviathan"
Luncheon Toad Skin,2,2025-04-07 11:45 AM,"Mateus, Hyperion"
Magnesia Powder,2,2025-04-07 11:41 AM,"Diabolos, Cactuar"
Manasilver Sand,2,2025-04-07 11:45 AM,"Mateus, Zalera"
Manderville's Adventurer Flakes,2,2025-04-07 11:35 AM,"Jenova, Famfrit"
Marid Hide,2,2025-04-07 11:44 AM,"Balmung, Diabolos"
Masonwork Interior Wall,2,2025-04-07 11:44 AM,"Brynhildr, Diabolos"
Megalania Skin,2,2025-04-07 11:37 AM,"Famfrit, Exodus"
Metallic Brass Dye,2,2025-04-07 11:43 AM,"Goblin, Mateus"
Minium,2,2025-04-07 11:44 AM,"Zalera, Hyperion"
Modern Aesthetics - A Half Times Two,2,2025-04-07 11:40 AM,"Balmung, Faerie"
Modern Aesthetics - Both Ways,2,2025-04-07 11:43 AM,"Faerie, Jenova"
Modern Aesthetics - Gyr Abanian Plait,2,2025-04-07 11:44 AM,"Faerie, Jenova"
Modern Aesthetics - Modern Legend,2,2025-04-07 11:37 AM,"Adamantoise, Cactuar"
Modern Aesthetics - Saintly Style,2,2025-04-07 11:43 AM,"Adamantoise, Faerie"
Modern Aesthetics - Samsonian Locks,2,2025-04-07 11:39 AM,"Faerie, Hyperion"
Molybdenum Armguards of Scouting,2,2025-04-07 11:34 AM,"Coeurl, Famfrit"
Moonlit Tank Trimmings,2,2025-04-07 11:44 AM,"Balmung, Goblin"
Mortar,2,2025-04-07 11:40 AM,"Mateus, Hyperion"
Mossy Log,2,2025-04-07 11:40 AM,"Balmung, Coeurl"
Mountain Chromite Ore,2,2025-04-07 11:42 AM,"Zalera, Siren"
Mountain Rock Salt,2,2025-04-07 11:42 AM,"Malboro, Mateus"
Mounted Bookshelf,2,2025-04-07 11:43 AM,"Malboro, Sargatanas"
Mousse Flesh,2,2025-04-07 11:37 AM,"Malboro, Ultros"
Muddy Water,2,2025-04-07 11:35 AM,"Behemoth, Jenova"
Multifaceted Resin,2,2025-04-07 11:40 AM,"Cactuar, Famfrit"
Mythbrine Aethersand,2,2025-04-07 11:40 AM,"Lamia, Jenova"
Mythrite Ore,2,2025-04-07 11:42 AM,"Goblin, Cactuar"
Natron,2,2025-04-07 11:41 AM,"Mateus, Zalera"
Neo-Ishgardian Top of Healing,2,2025-04-07 11:39 AM,"Balmung, Faerie"
Neon Street Cap,2,2025-04-07 11:45 AM,"Diabolos, Ultros"
Night Pegasus Whistle,2,2025-04-07 11:40 AM,"Faerie, Leviathan"
Nightbloom Orchestrion Roll,2,2025-04-07 11:34 AM,"Excalibur, Famfrit"
Nightworld Silver Piece,2,2025-04-07 11:43 AM,"Midgardsormr, Gilgamesh"
Northern Pike,2,2025-04-07 11:39 AM,"Brynhildr, Faerie"
Not Afraid Orchestrion Roll,2,2025-04-07 11:45 AM,"Hyperion, Famfrit"
Not-so-bighorn,2,2025-04-07 11:42 AM,"Zalera, Siren"
On Our Fates Alight Orchestrion Roll,2,2025-04-07 11:45 AM,"Excalibur, Cactuar"
Ophiotauros Hide,2,2025-04-07 11:40 AM,"Lamia, Sargatanas"
Optical Fibergrass,2,2025-04-07 11:43 AM,"Leviathan, Siren"
Ornate Ceremonial Tunic of Casting,2,2025-04-07 11:42 AM,"Behemoth, Leviathan"
Oroshigane Ingot,2,2025-04-07 11:42 AM,"Brynhildr, Malboro"
Orthos Craklaw Horn,2,2025-04-07 11:44 AM,"Zalera, Leviathan"
Pagos Field Dressing,2,2025-04-07 11:41 AM,"Adamantoise, Faerie"
Pagos Gaskins,2,2025-04-07 11:40 AM,"Sargatanas, Adamantoise"
Pagos Shirt,2,2025-04-07 11:40 AM,"Excalibur, Adamantoise"
Pagos Spring Water,2,2025-04-07 11:36 AM,"Goblin, Lamia"
Paldao Lumber,2,2025-04-07 11:40 AM,"Gilgamesh, Siren"
Palladium Nugget,2,2025-04-07 11:35 AM,"Malboro, Behemoth"
Palm Syrup,2,2025-04-07 11:39 AM,"Excalibur, Exodus"
Peerless Orchestrion Roll,2,2025-04-07 11:45 AM,"Leviathan, Hyperion"
Persimmon Lumber,2,2025-04-07 11:44 AM,"Malboro, Jenova"
Pewter Rod,2,2025-04-07 11:41 AM,"Coeurl, Malboro"
Pink Beryl,2,2025-04-07 11:44 AM,"Malboro, Cactuar"
Pipira Pira,2,2025-04-07 11:38 AM,"Brynhildr, Excalibur"
Platinum Ingot,2,2025-04-07 11:40 AM,"Zalera, Hyperion"
Platinum Ore,2,2025-04-07 11:42 AM,"Mateus, Exodus"
Popoto,2,2025-04-07 11:41 AM,"Hyperion, Exodus"
Potted Dragon Tree,2,2025-04-07 11:37 AM,"Faerie, Siren"
Princess Trout,2,2025-04-07 11:42 AM,"Lamia, Famfrit"
Prismatic Ingot,2,2025-04-07 11:37 AM,"Goblin, Behemoth"
Quicktongue Materia III,2,2025-04-07 11:44 AM,"Behemoth, Adamantoise"
Quicktongue Materia IX,2,2025-04-07 11:42 AM,"Brynhildr, Goblin"
Ra'Kaznar Ring of Gathering,2,2025-04-07 11:35 AM,"Siren, Exodus"
Rainbow Cloth,2,2025-04-07 11:41 AM,"Goblin, Hyperion"
Rainbow Thread,2,2025-04-07 11:42 AM,"Coeurl, Hyperion"
Rakshasa Zori of Casting,2,2025-04-07 11:37 AM,"Sargatanas, Faerie"
Raw Amber,2,2025-04-07 11:44 AM,"Goblin, Mateus"
Raw Pink Beryl,2,2025-04-07 11:44 AM,"Mateus, Lamia"
Realm Reborn Red,2,2025-04-07 11:45 AM,"Mateus, Excalibur"
Red Coral,2,2025-04-07 11:42 AM,"Excalibur, Behemoth"
Red Maggots,2,2025-04-07 11:44 AM,"Balmung, Siren"
Rime Dolomite,2,2025-04-07 11:41 AM,"Malboro, Mateus"
Rinascita Gloves of Aiming,2,2025-04-07 11:42 AM,"Diabolos, Exodus"
Riviera Picket Wall,2,2025-04-07 11:43 AM,"Balmung, Sargatanas"
Rose Pink Dye,2,2025-04-07 11:42 AM,"Diabolos, Zalera"
Rosewood Lumber,2,2025-04-07 11:43 AM,"Sargatanas, Cactuar"
Ruby Cotton Yarn,2,2025-04-07 11:45 AM,"Diabolos, Mateus"
Ruthenium Ingot,2,2025-04-07 11:44 AM,"Malboro, Midgardsormr"
Saffron Cloth,2,2025-04-07 11:39 AM,"Midgardsormr, Adamantoise"
Savage Aim Materia III,2,2025-04-07 11:42 AM,"Behemoth, Leviathan"
Savage Aim Materia VII,2,2025-04-07 11:40 AM,"Balmung, Faerie"
Savage Aim Materia VIII,2,2025-04-07 11:41 AM,"Malboro, Cactuar"
Savage Aim Materia X,2,2025-04-07 11:44 AM,"Brynhildr, Goblin"
Savage Might Materia II,2,2025-04-07 11:38 AM,"Adamantoise, Exodus"
Savage Might Materia III,2,2025-04-07 11:40 AM,"Diabolos, Adamantoise"
Scarlet Peacock,2,2025-04-07 11:39 AM,"Brynhildr, Mateus"
Sea Swallow Leather,2,2025-04-07 11:39 AM,"Brynhildr, Coeurl"
Seeking Purpose Orchestrion Roll,2,2025-04-07 11:42 AM,"Adamantoise, Jenova"
Seiryu's Sanctified Daggers,2,2025-04-07 11:44 AM,"Balmung, Mateus"
Sharlayan Reflecting Pool,2,2025-04-07 11:37 AM,"Ultros, Exodus"
Shishioji Flute,2,2025-04-07 11:41 AM,"Balmung, Leviathan"
Sideritis Leaves,2,2025-04-07 11:44 AM,"Sargatanas, Leviathan"
Silk Thread,2,2025-04-07 11:42 AM,"Excalibur, Hyperion"
Silkworm Cocoon,2,2025-04-07 11:40 AM,"Mateus, Exodus"
Silver Dasher,2,2025-04-07 11:39 AM,"Mateus, Siren"
Smilodon Leather,2,2025-04-07 11:44 AM,"Brynhildr, Faerie"
Smilodon Skin,2,2025-04-07 11:44 AM,"Diabolos, Zalera"
Snow Cotton,2,2025-04-07 11:37 AM,"Mateus, Famfrit"
Snow Flax,2,2025-04-07 11:40 AM,"Mateus, Famfrit"
Snow Linen,2,2025-04-07 11:42 AM,"Balmung, Adamantoise"
Sour Cream,2,2025-04-07 11:40 AM,"Brynhildr, Hyperion"
Spinettesaurus,2,2025-04-07 11:42 AM,"Zalera, Siren"
Star Velvet Himation of Healing,2,2025-04-07 11:42 AM,"Balmung, Goblin"
Stiperstone,2,2025-04-07 11:44 AM,"Malboro, Hyperion"
Stonegold Ingot,2,2025-04-07 11:34 AM,"Behemoth, Famfrit"
Sunset Wheat Flour,2,2025-04-07 11:45 AM,"Famfrit, Exodus"
Terebinth,2,2025-04-07 11:39 AM,"Malboro, Adamantoise"
The Emperor's New Ring,2,2025-04-07 11:41 AM,"Balmung, Leviathan"
The Gold Whisker,2,2025-04-07 11:45 AM,"Goblin, Sargatanas"
The Lawnblazer,2,2025-04-07 11:42 AM,"Zalera, Sargatanas"
Tiger Muskellunge,2,2025-04-07 11:43 AM,"Midgardsormr, Behemoth"
Tigerskin Tricorne of Scouting,2,2025-04-07 11:43 AM,"Adamantoise, Leviathan"
Timeworn Dragonskin Map,2,2025-04-07 11:44 AM,"Behemoth, Leviathan"
Timeworn Leather Map,2,2025-04-07 11:36 AM,"Zalera, Behemoth"
Timeworn Loboskin Map,2,2025-04-07 11:35 AM,"Zalera, Behemoth"
Timeworn Ophiotauroskin Map,2,2025-04-07 11:34 AM,"Behemoth, Siren"
Timeworn Peisteskin Map,2,2025-04-07 11:36 AM,"Zalera, Behemoth"
Timeworn Saigaskin Map,2,2025-04-07 11:37 AM,"Zalera, Leviathan"
Timeworn Zonureskin Map,2,2025-04-07 11:43 AM,"Sargatanas, Hyperion"
Titanium Ingot,2,2025-04-07 11:40 AM,"Malboro, Hyperion"
Titanium Nugget,2,2025-04-07 11:44 AM,"Adamantoise, Hyperion"
Titanium Ore,2,2025-04-07 11:44 AM,"Goblin, Adamantoise"
Titanium Rivets,2,2025-04-07 11:35 AM,"Behemoth, Famfrit"
True Griffin Leather,2,2025-04-07 11:43 AM,"Coeurl, Diabolos"
Truegold Ore,2,2025-04-07 11:38 AM,"Diabolos, Excalibur"
Truegold Sand,2,2025-04-07 11:38 AM,"Malboro, Jenova"
Tsukumogami Parasol,2,2025-04-07 11:42 AM,"Malboro, Leviathan"
Turali Pineapple Ponzecake,2,2025-04-07 11:40 AM,"Excalibur, Ultros"
Twinthread,2,2025-04-07 11:42 AM,"Mateus, Lamia"
Undyed Cotton Cloth,2,2025-04-07 11:40 AM,"Cactuar, Exodus"
Undyed Hempen Cloth,2,2025-04-07 11:41 AM,"Diabolos, Hyperion"
Unleashed Orchestrion Roll,2,2025-04-07 11:45 AM,"Hyperion, Ultros"
Varied Wood Flooring,2,2025-04-07 11:36 AM,"Diabolos, Siren"
Varnish,2,2025-04-07 11:42 AM,"Balmung, Mateus"
Vivianite,2,2025-04-07 11:39 AM,"Brynhildr, Excalibur"
Wall-climbing Ivy,2,2025-04-07 11:43 AM,"Mateus, Zalera"
War Scythe of Sanctifying Light,2,2025-04-07 11:43 AM,"Lamia, Cactuar"
Water Lilies,2,2025-04-07 11:37 AM,"Cactuar, Ultros"
Whipped Cream,2,2025-04-07 11:43 AM,"Diabolos, Gilgamesh"
White Coral,2,2025-04-07 11:37 AM,"Goblin, Malboro"
Wind Silk Bottoms,2,2025-04-07 11:43 AM,"Adamantoise, Leviathan"
Wind-up Fuath,2,2025-04-07 11:40 AM,"Sargatanas, Cactuar"
Wind-up Matanga,2,2025-04-07 11:42 AM,"Goblin, Faerie"
Wind-up Ravana,2,2025-04-07 11:42 AM,"Goblin, Sargatanas"
Windsbalm Bay Leaf,2,2025-04-07 11:41 AM,"Excalibur, Midgardsormr"
Wintertide Culottes,2,2025-04-07 11:44 AM,"Adamantoise, Jenova"
Wintertide Sheath Skirt,2,2025-04-07 11:44 AM,"Adamantoise, Jenova"
Wivre Horn,2,2025-04-07 11:44 AM,"Zalera, Leviathan"
Woolen Yarn,2,2025-04-07 11:33 AM,"Behemoth, Siren"
Yakow Moussaka,2,2025-04-07 11:40 AM,"Faerie, Hyperion"
Yellow Cosmos Corsage,2,2025-04-07 11:37 AM,"Lamia, Exodus"
Zormor Stone Lantern,2,2025-04-07 11:43 AM,"Goblin, Sargatanas"
A Better Tomorrow Orchestrion Roll,1,2025-04-07 11:35 AM,Cactuar
A Trail Unending Orchestrion Roll,1,2025-04-07 11:35 AM,Famfrit
AR-Caean Velvet Bottoms of Aiming,1,2025-04-07 11:40 AM,Malboro
Abigail Barding,1,2025-04-07 11:43 AM,Exodus
Abroader Otter,1,2025-04-07 11:42 AM,Sargatanas
Acacia Rod,1,2025-04-07 11:36 AM,Lamia
Acorn Cookie,1,2025-04-07 11:33 AM,Sargatanas
Adamantite Ingot,1,2025-04-07 11:32 AM,Behemoth
Adamantite Nugget,1,2025-04-07 11:28 AM,Leviathan
Adamantite Ore,1,2025-04-07 11:33 AM,Excalibur
Adamantite Rivets,1,2025-04-07 11:29 AM,Leviathan
Adamantoise Green Dye,1,2025-04-07 11:35 AM,Famfrit
Adventuring Pack,1,2025-04-07 11:27 AM,Lamia
Aesthete's Ear Cuffs of Crafting,1,2025-04-07 11:31 AM,Famfrit
Aesthete's Ring of Crafting,1,2025-04-07 11:29 AM,Famfrit
Aetheric Seadragon,1,2025-04-07 11:45 AM,Jenova
Agate Ring of Healing,1,2025-04-07 11:30 AM,Leviathan
Aged Pestle Pieces,1,2025-04-07 11:40 AM,Brynhildr
Ahriman Tears,1,2025-04-07 11:42 AM,Exodus
Ahriman Vase,1,2025-04-07 11:44 AM,Cactuar
Ahriman Wing,1,2025-04-07 11:36 AM,Coeurl
Air-wheeler A9 Identification Key,1,2025-04-07 11:41 AM,Leviathan
Aitiascope Lamp,1,2025-04-07 11:34 AM,Excalibur
Ala Mhigan Burdet,1,2025-04-07 11:43 AM,Midgardsormr
Ala Mhigan Weave,1,2025-04-07 11:33 AM,Cactuar
Alche-mist,1,2025-04-07 11:40 AM,Cactuar
Alchemical Abrasive,1,2025-04-07 11:41 AM,Mateus
Aldgoat Brown Dye,1,2025-04-07 11:38 AM,Balmung
Aldgoat Horn,1,2025-04-07 11:45 AM,Zalera
Alexander Miniature,1,2025-04-07 11:36 AM,Diabolos
Allagan Gold Piece,1,2025-04-07 11:38 AM,Gilgamesh
Allagan Platinum Piece,1,2025-04-07 11:38 AM,Gilgamesh
Allagan Silk,1,2025-04-07 11:41 AM,Sargatanas
Allagan Terminal Beta,1,2025-04-07 11:38 AM,Brynhildr
Allagan Tin Piece,1,2025-04-07 11:37 AM,Gilgamesh
Almasty Fur,1,2025-04-07 11:40 AM,Mateus
Almasty Serge Coat of Aiming,1,2025-04-07 11:34 AM,Leviathan
Almasty Serge Coat of Casting,1,2025-04-07 11:40 AM,Sargatanas
Aloalo Faerie Cushion,1,2025-04-07 11:38 AM,Leviathan
Aloalo Pendant Wall Lamp,1,2025-04-07 11:35 AM,Siren
Aloe,1,2025-04-07 11:40 AM,Cactuar
Alpine Breakfast,1,2025-04-07 11:34 AM,Jenova
Alpine Chair,1,2025-04-07 11:41 AM,Midgardsormr
Alpine Open-air Bath,1,2025-04-07 11:38 AM,Hyperion
Alpine Round Table,1,2025-04-07 11:41 AM,Midgardsormr
Alpine Wall Lantern,1,2025-04-07 11:35 AM,Goblin
Alps Striking Dummy,1,2025-04-07 11:38 AM,Coeurl
Althyk Lavender,1,2025-04-07 11:36 AM,Goblin
Amateur's Hatchet,1,2025-04-07 11:44 AM,Malboro
Ambrosial Water,1,2025-04-07 11:38 AM,Siren
Amdapori Stone,1,2025-04-07 11:36 AM,Goblin
Ametrine,1,2025-04-07 11:35 AM,Famfrit
Ametrine Armillae of Crafting,1,2025-04-07 11:29 AM,Famfrit
Ametrine Bracelet of Aiming,1,2025-04-07 11:41 AM,Goblin
Ametrine Ear Cuffs of Crafting,1,2025-04-07 11:31 AM,Famfrit
Ametrine Necklace of Crafting,1,2025-04-07 11:29 AM,Famfrit
Ametrine Ring of Aiming,1,2025-04-07 11:41 AM,Goblin
Ametrine Ring of Crafting,1,2025-04-07 11:30 AM,Famfrit
Amra,1,2025-04-07 11:43 AM,Mateus
Amynodon Hide,1,2025-04-07 11:39 AM,Mateus
Amynodon Leather,1,2025-04-07 11:34 AM,Jenova
Anagnorisis Painting,1,2025-04-07 11:34 AM,Diabolos
Ancient One,1,2025-04-07 11:39 AM,Brynhildr
Animal Sinew,1,2025-04-07 11:37 AM,Gilgamesh
Antelope Doe Horn,1,2025-04-07 11:40 AM,Leviathan
Antipyretic Orchestrion Roll,1,2025-04-07 11:36 AM,Hyperion
Approved Grade 2 Artisanal Skybuilders' Rock Salt,1,2025-04-07 11:40 AM,Hyperion
Approved Grade 2 Artisanal Skybuilders' Spring Water,1,2025-04-07 11:40 AM,Hyperion
Approved Grade 2 Skybuilders' Umbral Earthcap,1,2025-04-07 11:39 AM,Hyperion
Approved Grade 4 Artisanal Skybuilders' Cloudstone,1,2025-04-07 11:39 AM,Gilgamesh
Approved Grade 4 Artisanal Skybuilders' Silex,1,2025-04-07 11:39 AM,Gilgamesh
Approved Grade 4 Skybuilders' Cotton Boll,1,2025-04-07 11:42 AM,Zalera
Approved Grade 4 Skybuilders' Finest Rock Salt,1,2025-04-07 11:44 AM,Exodus
Approved Grade 4 Skybuilders' Gossamer Cotton Boll,1,2025-04-07 11:44 AM,Exodus
Approved Grade 4 Skybuilders' Mahogany Log,1,2025-04-07 11:45 AM,Excalibur
Approved Grade 4 Skybuilders' Mineral Sand,1,2025-04-07 11:44 AM,Exodus
Approved Grade 4 Skybuilders' Mythrite Sand,1,2025-04-07 11:43 AM,Zalera
Approved Grade 4 Skybuilders' Ragstone,1,2025-04-07 11:44 AM,Exodus
Approved Grade 4 Skybuilders' Sesame,1,2025-04-07 11:41 AM,Zalera
Approved Grade 4 Skybuilders' Truespring Water,1,2025-04-07 11:44 AM,Exodus
Approved Grade 4 Skybuilders' Umbral Flarerock,1,2025-04-07 11:30 AM,Lamia
Approved Grade 4 Skybuilders' Umbral Galewood Branch,1,2025-04-07 11:29 AM,Lamia
Approved Grade 4 Skybuilders' White Cedar Log,1,2025-04-07 11:44 AM,Exodus
Approved Ishgardian Lunch,1,2025-04-07 11:34 AM,Jenova
Arachne Culottes of Healing,1,2025-04-07 11:29 AM,Leviathan
Arachne Robe,1,2025-04-07 11:29 AM,Leviathan
Arachne Shirt of Striking,1,2025-04-07 11:36 AM,Faerie
Arbor Interior Wall,1,2025-04-07 11:39 AM,Midgardsormr
Archaeodemon Horns,1,2025-04-07 11:29 AM,Malboro
Archaeornis Leather,1,2025-04-07 11:42 AM,Ultros
Archaeoskin Gloves of Healing,1,2025-04-07 11:29 AM,Leviathan
Archaeoskin Shoes of Healing,1,2025-04-07 11:29 AM,Leviathan
Archeo Kingdom Armguards of Casting,1,2025-04-07 11:32 AM,Behemoth
Archeo Kingdom Broadsword,1,2025-04-07 11:39 AM,Faerie
Archeo Kingdom Choker of Casting,1,2025-04-07 11:33 AM,Behemoth
Archeo Kingdom Choker of Slaying,1,2025-04-07 11:38 AM,Midgardsormr
Archeo Kingdom Coat of Healing,1,2025-04-07 11:40 AM,Mateus
Archeo Kingdom Codex,1,2025-04-07 11:36 AM,Adamantoise
Archeo Kingdom Cuirass of Fending,1,2025-04-07 11:39 AM,Midgardsormr
Archeo Kingdom Culverin,1,2025-04-07 11:43 AM,Midgardsormr
Archeo Kingdom Earrings of Casting,1,2025-04-07 11:32 AM,Behemoth
Archeo Kingdom Gunblade,1,2025-04-07 11:39 AM,Midgardsormr
Archeo Kingdom Hood of Scouting,1,2025-04-07 11:39 AM,Faerie
Archeo Kingdom Hood of Striking,1,2025-04-07 11:39 AM,Midgardsormr
Archeo Kingdom Milpreves,1,2025-04-07 11:43 AM,Mateus
Archeo Kingdom Patas,1,2025-04-07 11:39 AM,Faerie
Archeo Kingdom Poleyns of Fending,1,2025-04-07 11:44 AM,Hyperion
Archeo Kingdom Poleyns of Striking,1,2025-04-07 11:38 AM,Midgardsormr
Archeo Kingdom Ring of Slaying,1,2025-04-07 11:40 AM,Faerie
Archeo Kingdom Round Brush,1,2025-04-07 11:39 AM,Midgardsormr
Archeo Kingdom Sabatons of Fending,1,2025-04-07 11:39 AM,Adamantoise
Archeo Kingdom Scutum,1,2025-04-07 11:36 AM,Faerie
Archeo Kingdom Shoes of Casting,1,2025-04-07 11:32 AM,Behemoth
Archeo Kingdom Shoes of Striking,1,2025-04-07 11:38 AM,Midgardsormr
Archeo Kingdom Tuck,1,2025-04-07 11:33 AM,Behemoth
Archeo Kingdom Wristband of Aiming,1,2025-04-07 11:29 AM,Excalibur
Archeo Kingdom Wristband of Casting,1,2025-04-07 11:33 AM,Behemoth
Archeo Kingdom Wristband of Slaying,1,2025-04-07 11:33 AM,Lamia
Archon Loaf,1,2025-04-07 11:39 AM,Brynhildr
Argonautica,1,2025-04-07 11:39 AM,Jenova
Armorer's Stall,1,2025-04-07 11:30 AM,Famfrit
Artisan's Spinning Wheel,1,2025-04-07 11:24 AM,Excalibur
Artist's Show Window,1,2025-04-07 11:43 AM,Brynhildr
Ash Cabinet,1,2025-04-07 11:37 AM,Faerie
Ash Diatomite,1,2025-04-07 11:42 AM,Mateus
Ash Lumber,1,2025-04-07 11:36 AM,Exodus
Assassin Fry,1,2025-04-07 11:39 AM,Sargatanas
Assorted Cookies,1,2025-04-07 11:35 AM,Jenova
Assorted Fruit,1,2025-04-07 11:43 AM,Goblin
Astrolabe Clinometer,1,2025-04-07 11:38 AM,Lamia
Astrologicum Star Map,1,2025-04-07 11:35 AM,Goblin
Atrociraptor Leather,1,2025-04-07 11:43 AM,Malboro
Atrociraptor Skin,1,2025-04-07 11:37 AM,Coeurl
Aurelia Polyp,1,2025-04-07 11:39 AM,Gilgamesh
Aurum Regis Crown of Healing,1,2025-04-07 11:39 AM,Faerie
Aurum Regis Earrings of Crafting,1,2025-04-07 11:41 AM,Famfrit
Aurum Regis Ingot,1,2025-04-07 11:37 AM,Hyperion
Aurum Regis Orrery,1,2025-04-07 11:44 AM,Balmung
Aurum Regis Sand,1,2025-04-07 11:38 AM,Hyperion
Avenger Grips,1,2025-04-07 11:36 AM,Sargatanas
Azure Dragoon Portrait,1,2025-04-07 11:34 AM,Excalibur
Azurite Bracelet of Slaying,1,2025-04-07 11:44 AM,Leviathan
Baby Bat,1,2025-04-07 11:42 AM,Midgardsormr
Back Bar,1,2025-04-07 11:33 AM,Siren
Ballroom Etiquette - Ample Appreciation,1,2025-04-07 11:39 AM,Faerie
Ballroom Etiquette - Concealing Meals,1,2025-04-07 11:39 AM,Faerie
Ballroom Etiquette - Dark Entreaty,1,2025-04-07 11:42 AM,Leviathan
Ballroom Etiquette - Emphatic Elucidation,1,2025-04-07 11:39 AM,Faerie
Ballroom Etiquette - Good Will Seeking,1,2025-04-07 11:39 AM,Faerie
Ballroom Etiquette - Humble Triumph,1,2025-04-07 11:39 AM,Faerie
Ballroom Etiquette - Insufficient Petticoats,1,2025-04-07 11:35 AM,Midgardsormr
"Ballroom Etiquette - Next, Godliness",1,2025-04-07 11:43 AM,Adamantoise
Ballroom Etiquette - Scholarly Certitude,1,2025-04-07 11:36 AM,Cactuar
Bamboo Copse,1,2025-04-07 11:35 AM,Cactuar
Bamboo Fence,1,2025-04-07 11:39 AM,Hyperion
Bamboo Planter,1,2025-04-07 11:42 AM,Ultros
Bamboo Stick,1,2025-04-07 11:44 AM,Zalera
Barding of Eternal Darkness,1,2025-04-07 11:44 AM,Midgardsormr
Bareface,1,2025-04-07 11:39 AM,Jenova
Bat Fang,1,2025-04-07 11:35 AM,Behemoth
Bathroom Floor Tiles,1,2025-04-07 11:41 AM,Behemoth
Bathroom Wall Tiles,1,2025-04-07 11:41 AM,Behemoth
Battle Theme from FINAL FANTASY XI Orchestrion Roll,1,2025-04-07 11:41 AM,Midgardsormr
Battle in the Dungeon Orchestrion Roll,1,2025-04-07 11:40 AM,Faerie
Battlecraft Demimateria I,1,2025-04-07 11:41 AM,Zalera
Battledance Materia IX,1,2025-04-07 11:40 AM,Brynhildr
Battledance Materia V,1,2025-04-07 11:43 AM,Faerie
Battledance Materia VIII,1,2025-04-07 11:33 AM,Cactuar
Beak of the Vortex,1,2025-04-07 11:44 AM,Adamantoise
Beatific Vision,1,2025-04-07 11:41 AM,Jenova
Beech Rod,1,2025-04-07 11:40 AM,Goblin
Beet Soup,1,2025-04-07 11:36 AM,Faerie
Belah'dian Glass,1,2025-04-07 11:41 AM,Goblin
Berkanan Sap,1,2025-04-07 11:41 AM,Lamia
Birch Lumber,1,2025-04-07 11:29 AM,Leviathan
Birch Syrup,1,2025-04-07 11:41 AM,Siren
Bismarck's Baleen,1,2025-04-07 11:41 AM,Diabolos
Bismuth Bracelet of Aiming,1,2025-04-07 11:41 AM,Adamantoise
Bismuth Bracelet of Fending,1,2025-04-07 11:36 AM,Goblin
Bismuth Ring of Fending,1,2025-04-07 11:36 AM,Goblin
Black Cosmos Corsage,1,2025-04-07 11:26 AM,Lamia
Black Firesand,1,2025-04-07 11:34 AM,Ultros
Black Hayate,1,2025-04-07 11:38 AM,Siren
Black Limestone,1,2025-04-07 11:43 AM,Mateus
Black Paperflowers,1,2025-04-07 11:39 AM,Adamantoise
Black Star Choker of Aiming,1,2025-04-07 11:37 AM,Cactuar
Black Willow Greatbow,1,2025-04-07 11:45 AM,Faerie
Black Willow Necklace of Slaying,1,2025-04-07 11:35 AM,Gilgamesh
Black Willow Spear,1,2025-04-07 11:40 AM,Gilgamesh
Blackseed Cotton Boll,1,2025-04-07 11:31 AM,Excalibur
Blank Grade 3 Orchestrion Roll,1,2025-04-07 11:29 AM,Famfrit
Blank Riviera Partition,1,2025-04-07 11:36 AM,Goblin
Bloodhempen Brais of Striking,1,2025-04-07 11:45 AM,Balmung
Bloodhempen Chestwrap of Healing,1,2025-04-07 11:35 AM,Diabolos
Bloodhempen Cloth,1,2025-04-07 11:37 AM,Famfrit
Bloodhempen Culottes of Casting,1,2025-04-07 11:45 AM,Balmung
Bloodhempen Trousers of Gathering,1,2025-04-07 11:37 AM,Diabolos
Bloodhempen Yarn,1,2025-04-07 11:37 AM,Famfrit
Blooming Garden Table,1,2025-04-07 11:39 AM,Hyperion
Blue Brightlily Corsage,1,2025-04-07 11:40 AM,Brynhildr
